[{"model": "admin.logentry", "pk": 1, "fields": {"action_time": "2023-11-21T22:12:29.966Z", "user": 1, "content_type": 7, "object_id": "1", "object_repr": "Tune 1 | test", "action_flag": 1, "change_message": "[{\"added\": {}}]"}}, {"model": "admin.logentry", "pk": 2, "fields": {"action_time": "2023-11-22T16:08:54.716Z", "user": 1, "content_type": 7, "object_id": "2", "object_repr": "Tune 2 | In Walked Bud", "action_flag": 1, "change_message": "[{\"added\": {}}]"}}, {"model": "admin.logentry", "pk": 3, "fields": {"action_time": "2023-11-22T16:09:20.558Z", "user": 1, "content_type": 7, "object_id": "1", "object_repr": "Tune 1 | test", "action_flag": 3, "change_message": ""}}, {"model": "admin.logentry", "pk": 4, "fields": {"action_time": "2023-11-27T13:56:43.111Z", "user": 1, "content_type": 7, "object_id": "3", "object_repr": "Tune 3 | test", "action_flag": 3, "change_message": ""}}, {"model": "admin.logentry", "pk": 5, "fields": {"action_time": "2023-11-27T13:56:43.116Z", "user": 1, "content_type": 7, "object_id": "4", "object_repr": "Tune 4 | asdf", "action_flag": 3, "change_message": ""}}, {"model": "admin.logentry", "pk": 6, "fields": {"action_time": "2023-11-27T13:56:43.120Z", "user": 1, "content_type": 7, "object_id": "5", "object_repr": "Tune 5 | ddd", "action_flag": 3, "change_message": ""}}, {"model": "admin.logentry", "pk": 7, "fields": {"action_time": "2023-11-27T13:56:43.124Z", "user": 1, "content_type": 7, "object_id": "6", "object_repr": "Tune 6 | r", "action_flag": 3, "change_message": ""}}, {"model": "admin.logentry", "pk": 8, "fields": {"action_time": "2023-11-27T13:56:43.127Z", "user": 1, "content_type": 7, "object_id": "8", "object_repr": "Tune 8 | ssss", "action_flag": 3, "change_message": ""}}, {"model": "admin.logentry", "pk": 9, "fields": {"action_time": "2023-11-27T13:56:43.131Z", "user": 1, "content_type": 7, "object_id": "9", "object_repr": "Tune 9 | dddddd", "action_flag": 3, "change_message": ""}}, {"model": "admin.logentry", "pk": 10, "fields": {"action_time": "2023-11-27T13:56:43.134Z", "user": 1, "content_type": 7, "object_id": "10", "object_repr": "Tune 10 | whatever", "action_flag": 3, "change_message": ""}}, {"model": "admin.logentry", "pk": 11, "fields": {"action_time": "2023-11-27T13:56:43.138Z", "user": 1, "content_type": 7, "object_id": "11", "object_repr": "Tune 11 | c", "action_flag": 3, "change_message": ""}}, {"model": "admin.logentry", "pk": 12, "fields": {"action_time": "2023-11-27T13:56:43.142Z", "user": 1, "content_type": 7, "object_id": "12", "object_repr": "Tune 12 | f", "action_flag": 3, "change_message": ""}}, {"model": "admin.logentry", "pk": 13, "fields": {"action_time": "2023-11-29T21:20:46.715Z", "user": 1, "content_type": 7, "object_id": "2", "object_repr": "Tune 2 | In Walked Bud", "action_flag": 3, "change_message": ""}}, {"model": "admin.logentry", "pk": 14, "fields": {"action_time": "2023-11-29T21:20:46.719Z", "user": 1, "content_type": 7, "object_id": "7", "object_repr": "Tune 7 | Miller St. Blues", "action_flag": 3, "change_message": ""}}, {"model": "admin.logentry", "pk": 15, "fields": {"action_time": "2023-11-29T21:20:46.722Z", "user": 1, "content_type": 7, "object_id": "14", "object_repr": "Tune 14 | test", "action_flag": 3, "change_message": ""}}, {"model": "admin.logentry", "pk": 16, "fields": {"action_time": "2023-11-29T21:20:46.727Z", "user": 1, "content_type": 7, "object_id": "15", "object_repr": "Tune 15 | blah", "action_flag": 3, "change_message": ""}}, {"model": "admin.logentry", "pk": 17, "fields": {"action_time": "2023-11-29T21:20:46.730Z", "user": 1, "content_type": 7, "object_id": "16", "object_repr": "Tune 16 | xxx", "action_flag": 3, "change_message": ""}}, {"model": "admin.logentry", "pk": 18, "fields": {"action_time": "2023-11-29T21:20:46.734Z", "user": 1, "content_type": 7, "object_id": "17", "object_repr": "Tune 17 | xxxx", "action_flag": 3, "change_message": ""}}, {"model": "admin.logentry", "pk": 19, "fields": {"action_time": "2023-11-29T21:20:46.740Z", "user": 1, "content_type": 7, "object_id": "18", "object_repr": "Tune 18 | xxxxx", "action_flag": 3, "change_message": ""}}, {"model": "admin.logentry", "pk": 20, "fields": {"action_time": "2023-11-29T21:20:46.744Z", "user": 1, "content_type": 7, "object_id": "19", "object_repr": "Tune 19 | aaaaaaaaaa", "action_flag": 3, "change_message": ""}}, {"model": "admin.logentry", "pk": 21, "fields": {"action_time": "2023-11-29T21:20:46.747Z", "user": 1, "content_type": 7, "object_id": "20", "object_repr": "Tune 20 | aaaaaaaaaaaa", "action_flag": 3, "change_message": ""}}, {"model": "admin.logentry", "pk": 22, "fields": {"action_time": "2023-11-29T21:20:46.751Z", "user": 1, "content_type": 7, "object_id": "21", "object_repr": "Tune 21 | punch", "action_flag": 3, "change_message": ""}}, {"model": "admin.logentry", "pk": 23, "fields": {"action_time": "2023-12-06T14:39:15.939Z", "user": 1, "content_type": 7, "object_id": "1", "object_repr": "Tune 1 | test", "action_flag": 3, "change_message": ""}}, {"model": "admin.logentry", "pk": 24, "fields": {"action_time": "2023-12-06T14:39:15.943Z", "user": 1, "content_type": 7, "object_id": "2", "object_repr": "Tune 2 | test 2", "action_flag": 3, "change_message": ""}}, {"model": "admin.logentry", "pk": 25, "fields": {"action_time": "2023-12-06T14:39:15.947Z", "user": 1, "content_type": 7, "object_id": "3", "object_repr": "Tune 3 | test new user", "action_flag": 3, "change_message": ""}}, {"model": "admin.logentry", "pk": 26, "fields": {"action_time": "2023-12-06T14:39:15.951Z", "user": 1, "content_type": 7, "object_id": "4", "object_repr": "Tune 4 | test new user 2", "action_flag": 3, "change_message": ""}}, {"model": "admin.logentry", "pk": 27, "fields": {"action_time": "2023-12-06T14:39:15.955Z", "user": 1, "content_type": 7, "object_id": "5", "object_repr": "Tune 5 | test new user 3", "action_flag": 3, "change_message": ""}}, {"model": "admin.logentry", "pk": 28, "fields": {"action_time": "2023-12-06T14:39:15.959Z", "user": 1, "content_type": 7, "object_id": "6", "object_repr": "Tune 6 | test new user 4", "action_flag": 3, "change_message": ""}}, {"model": "admin.logentry", "pk": 29, "fields": {"action_time": "2023-12-06T14:39:15.963Z", "user": 1, "content_type": 7, "object_id": "7", "object_repr": "Tune 7 | test new user 5", "action_flag": 3, "change_message": ""}}, {"model": "admin.logentry", "pk": 30, "fields": {"action_time": "2023-12-06T14:39:15.966Z", "user": 1, "content_type": 7, "object_id": "8", "object_repr": "Tune 8 | test again with first user", "action_flag": 3, "change_message": ""}}, {"model": "admin.logentry", "pk": 31, "fields": {"action_time": "2023-12-06T14:39:15.970Z", "user": 1, "content_type": 7, "object_id": "9", "object_repr": "Tune 9 | test no key", "action_flag": 3, "change_message": ""}}, {"model": "admin.logentry", "pk": 32, "fields": {"action_time": "2023-12-06T14:39:15.974Z", "user": 1, "content_type": 7, "object_id": "10", "object_repr": "Tune 10 | test no other key", "action_flag": 3, "change_message": ""}}, {"model": "admin.logentry", "pk": 33, "fields": {"action_time": "2023-12-06T14:39:15.981Z", "user": 1, "content_type": 7, "object_id": "11", "object_repr": "Tune 11 | check after association table", "action_flag": 3, "change_message": ""}}, {"model": "admin.logentry", "pk": 34, "fields": {"action_time": "2023-12-06T14:39:15.985Z", "user": 1, "content_type": 7, "object_id": "12", "object_repr": "Tune 12 | second check on association table", "action_flag": 3, "change_message": ""}}, {"model": "admin.logentry", "pk": 35, "fields": {"action_time": "2023-12-06T14:39:15.989Z", "user": 1, "content_type": 7, "object_id": "13", "object_repr": "Tune 13 | third check on association table", "action_flag": 3, "change_message": ""}}, {"model": "admin.logentry", "pk": 36, "fields": {"action_time": "2023-12-06T14:39:15.993Z", "user": 1, "content_type": 7, "object_id": "14", "object_repr": "Tune 14 | fourth check on association table", "action_flag": 3, "change_message": ""}}, {"model": "admin.logentry", "pk": 37, "fields": {"action_time": "2023-12-06T14:39:15.997Z", "user": 1, "content_type": 7, "object_id": "15", "object_repr": "Tune 15 | fifth", "action_flag": 3, "change_message": ""}}, {"model": "admin.logentry", "pk": 38, "fields": {"action_time": "2023-12-06T14:39:16.001Z", "user": 1, "content_type": 7, "object_id": "16", "object_repr": "Tune 16 | sixth", "action_flag": 3, "change_message": ""}}, {"model": "admin.logentry", "pk": 39, "fields": {"action_time": "2023-12-06T14:39:16.004Z", "user": 1, "content_type": 7, "object_id": "17", "object_repr": "Tune 17 | seventh", "action_flag": 3, "change_message": ""}}, {"model": "auth.permission", "pk": 1, "fields": {"name": "Can add log entry", "content_type": 1, "codename": "add_logentry"}}, {"model": "auth.permission", "pk": 2, "fields": {"name": "Can change log entry", "content_type": 1, "codename": "change_logentry"}}, {"model": "auth.permission", "pk": 3, "fields": {"name": "Can delete log entry", "content_type": 1, "codename": "delete_logentry"}}, {"model": "auth.permission", "pk": 4, "fields": {"name": "Can view log entry", "content_type": 1, "codename": "view_logentry"}}, {"model": "auth.permission", "pk": 5, "fields": {"name": "Can add permission", "content_type": 2, "codename": "add_permission"}}, {"model": "auth.permission", "pk": 6, "fields": {"name": "Can change permission", "content_type": 2, "codename": "change_permission"}}, {"model": "auth.permission", "pk": 7, "fields": {"name": "Can delete permission", "content_type": 2, "codename": "delete_permission"}}, {"model": "auth.permission", "pk": 8, "fields": {"name": "Can view permission", "content_type": 2, "codename": "view_permission"}}, {"model": "auth.permission", "pk": 9, "fields": {"name": "Can add group", "content_type": 3, "codename": "add_group"}}, {"model": "auth.permission", "pk": 10, "fields": {"name": "Can change group", "content_type": 3, "codename": "change_group"}}, {"model": "auth.permission", "pk": 11, "fields": {"name": "Can delete group", "content_type": 3, "codename": "delete_group"}}, {"model": "auth.permission", "pk": 12, "fields": {"name": "Can view group", "content_type": 3, "codename": "view_group"}}, {"model": "auth.permission", "pk": 13, "fields": {"name": "Can add user", "content_type": 4, "codename": "add_user"}}, {"model": "auth.permission", "pk": 14, "fields": {"name": "Can change user", "content_type": 4, "codename": "change_user"}}, {"model": "auth.permission", "pk": 15, "fields": {"name": "Can delete user", "content_type": 4, "codename": "delete_user"}}, {"model": "auth.permission", "pk": 16, "fields": {"name": "Can view user", "content_type": 4, "codename": "view_user"}}, {"model": "auth.permission", "pk": 17, "fields": {"name": "Can add content type", "content_type": 5, "codename": "add_contenttype"}}, {"model": "auth.permission", "pk": 18, "fields": {"name": "Can change content type", "content_type": 5, "codename": "change_contenttype"}}, {"model": "auth.permission", "pk": 19, "fields": {"name": "Can delete content type", "content_type": 5, "codename": "delete_contenttype"}}, {"model": "auth.permission", "pk": 20, "fields": {"name": "Can view content type", "content_type": 5, "codename": "view_contenttype"}}, {"model": "auth.permission", "pk": 21, "fields": {"name": "Can add session", "content_type": 6, "codename": "add_session"}}, {"model": "auth.permission", "pk": 22, "fields": {"name": "Can change session", "content_type": 6, "codename": "change_session"}}, {"model": "auth.permission", "pk": 23, "fields": {"name": "Can delete session", "content_type": 6, "codename": "delete_session"}}, {"model": "auth.permission", "pk": 24, "fields": {"name": "Can view session", "content_type": 6, "codename": "view_session"}}, {"model": "auth.permission", "pk": 25, "fields": {"name": "Can add tune", "content_type": 7, "codename": "add_tune"}}, {"model": "auth.permission", "pk": 26, "fields": {"name": "Can change tune", "content_type": 7, "codename": "change_tune"}}, {"model": "auth.permission", "pk": 27, "fields": {"name": "Can delete tune", "content_type": 7, "codename": "delete_tune"}}, {"model": "auth.permission", "pk": 28, "fields": {"name": "Can view tune", "content_type": 7, "codename": "view_tune"}}, {"model": "auth.permission", "pk": 29, "fields": {"name": "Can add email address", "content_type": 8, "codename": "add_emailaddress"}}, {"model": "auth.permission", "pk": 30, "fields": {"name": "Can change email address", "content_type": 8, "codename": "change_emailaddress"}}, {"model": "auth.permission", "pk": 31, "fields": {"name": "Can delete email address", "content_type": 8, "codename": "delete_emailaddress"}}, {"model": "auth.permission", "pk": 32, "fields": {"name": "Can view email address", "content_type": 8, "codename": "view_emailaddress"}}, {"model": "auth.permission", "pk": 33, "fields": {"name": "Can add email confirmation", "content_type": 9, "codename": "add_emailconfirmation"}}, {"model": "auth.permission", "pk": 34, "fields": {"name": "Can change email confirmation", "content_type": 9, "codename": "change_emailconfirmation"}}, {"model": "auth.permission", "pk": 35, "fields": {"name": "Can delete email confirmation", "content_type": 9, "codename": "delete_emailconfirmation"}}, {"model": "auth.permission", "pk": 36, "fields": {"name": "Can view email confirmation", "content_type": 9, "codename": "view_emailconfirmation"}}, {"model": "auth.permission", "pk": 37, "fields": {"name": "Can add social account", "content_type": 10, "codename": "add_socialaccount"}}, {"model": "auth.permission", "pk": 38, "fields": {"name": "Can change social account", "content_type": 10, "codename": "change_socialaccount"}}, {"model": "auth.permission", "pk": 39, "fields": {"name": "Can delete social account", "content_type": 10, "codename": "delete_socialaccount"}}, {"model": "auth.permission", "pk": 40, "fields": {"name": "Can view social account", "content_type": 10, "codename": "view_socialaccount"}}, {"model": "auth.permission", "pk": 41, "fields": {"name": "Can add social application", "content_type": 11, "codename": "add_socialapp"}}, {"model": "auth.permission", "pk": 42, "fields": {"name": "Can change social application", "content_type": 11, "codename": "change_socialapp"}}, {"model": "auth.permission", "pk": 43, "fields": {"name": "Can delete social application", "content_type": 11, "codename": "delete_socialapp"}}, {"model": "auth.permission", "pk": 44, "fields": {"name": "Can view social application", "content_type": 11, "codename": "view_socialapp"}}, {"model": "auth.permission", "pk": 45, "fields": {"name": "Can add social application token", "content_type": 12, "codename": "add_socialtoken"}}, {"model": "auth.permission", "pk": 46, "fields": {"name": "Can change social application token", "content_type": 12, "codename": "change_socialtoken"}}, {"model": "auth.permission", "pk": 47, "fields": {"name": "Can delete social application token", "content_type": 12, "codename": "delete_socialtoken"}}, {"model": "auth.permission", "pk": 48, "fields": {"name": "Can view social application token", "content_type": 12, "codename": "view_socialtoken"}}, {"model": "auth.permission", "pk": 49, "fields": {"name": "Can add repertoire tune", "content_type": 13, "codename": "add_repertoiretune"}}, {"model": "auth.permission", "pk": 50, "fields": {"name": "Can change repertoire tune", "content_type": 13, "codename": "change_repertoiretune"}}, {"model": "auth.permission", "pk": 51, "fields": {"name": "Can delete repertoire tune", "content_type": 13, "codename": "delete_repertoiretune"}}, {"model": "auth.permission", "pk": 52, "fields": {"name": "Can view repertoire tune", "content_type": 13, "codename": "view_repertoiretune"}}, {"model": "auth.user", "pk": 1, "fields": {"password": "pbkdf2_sha256$600000$vkogT8X0gHruVzyXNBwJs6$VmcaOAw3Tnts2G/5CgOOXzB1KH7uPbAfFCX6ftXU4wk=", "last_login": "2023-12-14T05:19:46.864Z", "is_superuser": true, "username": "jeff", "first_name": "", "last_name": "", "email": "", "is_staff": true, "is_active": true, "date_joined": "2023-11-21T22:11:02.313Z", "groups": [], "user_permissions": []}}, {"model": "auth.user", "pk": 2, "fields": {"password": "pbkdf2_sha256$600000$XrAOEfQv9Et3DvYzumoehY$EeiyWY4I05cyjzVlJwlDjyYrYhavZXdvf9WwGEQktdE=", "last_login": "2023-12-14T05:19:20.924Z", "is_superuser": false, "username": "jeff2", "first_name": "", "last_name": "", "email": "", "is_staff": false, "is_active": true, "date_joined": "2023-11-29T21:23:47.181Z", "groups": [], "user_permissions": []}}, {"model": "contenttypes.contenttype", "pk": 1, "fields": {"app_label": "admin", "model": "logentry"}}, {"model": "contenttypes.contenttype", "pk": 2, "fields": {"app_label": "auth", "model": "permission"}}, {"model": "contenttypes.contenttype", "pk": 3, "fields": {"app_label": "auth", "model": "group"}}, {"model": "contenttypes.contenttype", "pk": 4, "fields": {"app_label": "auth", "model": "user"}}, {"model": "contenttypes.contenttype", "pk": 5, "fields": {"app_label": "contenttypes", "model": "contenttype"}}, {"model": "contenttypes.contenttype", "pk": 6, "fields": {"app_label": "sessions", "model": "session"}}, {"model": "contenttypes.contenttype", "pk": 7, "fields": {"app_label": "tune", "model": "tune"}}, {"model": "contenttypes.contenttype", "pk": 8, "fields": {"app_label": "account", "model": "emailaddress"}}, {"model": "contenttypes.contenttype", "pk": 9, "fields": {"app_label": "account", "model": "emailconfirmation"}}, {"model": "contenttypes.contenttype", "pk": 10, "fields": {"app_label": "socialaccount", "model": "socialaccount"}}, {"model": "contenttypes.contenttype", "pk": 11, "fields": {"app_label": "socialaccount", "model": "socialapp"}}, {"model": "contenttypes.contenttype", "pk": 12, "fields": {"app_label": "socialaccount", "model": "socialtoken"}}, {"model": "contenttypes.contenttype", "pk": 13, "fields": {"app_label": "tune", "model": "repertoiretune"}}, {"model": "sessions.session", "pk": "024uhnaabdlplgb98c14rdi7aqy3bkw0", "fields": {"session_data": ".eJxVjsuuwiAURf-FsSE9lFc7dO43kFM4WO41YApNNMZ_tzUOdLrWzsp-MIdrm91aaXEpsJEBO3yzCf0_5V2EP8znwn3JbUkT3yf8Yys_lUCX42f7E5ixzntW9jaoIKeh10ZTJGHIYuwURNiIACm8GDoPRDL0UkejJuFxALWTSFsUvS9rbu825ZY8NgoOGxvBdKIfFIDlVgpjtd4uVKo1lezodk3LnY3d8wX-0U0c:1rD4jm:jEF9H3EHiZBvJyNHrtsySvMpa68yx7Asm6w4laGjLew", "expire_date": "2023-12-26T15:31:58.844Z"}}, {"model": "sessions.session", "pk": "7jad0wjpvka3if17lvw6s6gec4vmtux7", "fields": {"session_data": ".eJxVjstuwyAURP-FdYR8MS972X2_AV3DJSapoDJYahXl34srL5LtmZmjeTCHe1vdXmlzKbCZAbu8sgX9nfIRhBvma-G-5LalhR8VfqaVf5ZAXx9n902wYl0PrRxtUEEu06iNpkjCkMU4KIjQiQApvJgGD0QyjFJHoxbhcQJ1kEhdit6XPbd_N-WWPDYKDhubwQxCjQBWc6ttX5t-oVKtqWRHP99p-2Xz8PwD_ohNGg:1rDe8Q:wgR7t8L8ACZlW7SqzqP_5jelCw1u3MopM8tJuQBQ6_k", "expire_date": "2023-12-28T05:19:46.869Z"}}, {"model": "sessions.session", "pk": "87txz01vbiql3xcxs6k1bf3bkg6iaq52", "fields": {"session_data": ".eJxVjstuwyAQRf-FdYUYnraX3fcb0BiGmqSCymApUZR_jx150W7PuTq6D-Zx64vfGq0-RzYxYB9_2YzhSuUQ8YLlu_JQS1_zzI8JP23jXzXSz-e5_RdYsC1HVqshmqjnUVlnKZF0NGASBhLsRIKWQY4iAJGOStvkzCwDjmAOkmiPYgh1K_3dptJzwE7RY2cTOAGjHbQCLqwyysF-oVFruRZPt9-83tkkni_9t00P:1rBHjj:KqNTAYgL2Xqk1DYAiFi8LC7_LhflOh-60QUR0WsQd9U", "expire_date": "2023-12-21T17:00:31.065Z"}}, {"model": "sessions.session", "pk": "pwotmiuqwrpjme8f5dd9qg0o3y0t9dlz", "fields": {"session_data": ".eJxVjssOwiAQRf-FtSEMBfpYuvcbyBQGixowhSYa47_bmi50e87NyX0xi0ud7FJottGzgQE7_LIR3ZXSJvwF0zlzl1Od48i3Cd9t4afs6Xbct3-BCcu0ZVXTee3V2DemNRRIttRhEBoCrESCkk72wgGR8o0yodWjdNiD3kigNYrO5SXVb5tSjQ4reYuVDdAKkL0BLXhjVCeNWi8UKiXmZOlxj_OTDeL9Af1yTQ8:1r8SqU:Cyo7Jp6kNkSUldeBA4WvtycfAAvIhd-cee9zGWbiTxM", "expire_date": "2023-12-13T22:15:50.365Z"}}, {"model": "sessions.session", "pk": "q2hibfzun9pltlremsd4jzhs2vb00c0q", "fields": {"session_data": ".eJxVjkEOwiAUBe_C2hCgUKBL956B_MLHogZMoYnGeHdb04VuZ14m70UcLG1yS8XZpUAGwsnhl43gr5g3ES6Qz4X6ktucRrpN6G4rPZWAt-O-_QtMUKctKzsTVJCj7XrdY0Sh0UBkike-EsGl8MIyzxFl6GQftRqFB8vVRiKuUfC-LLl925hb8tAwOGhk4JpxozvNBNVGMSbteqFiralkh497mp9kYO8P_gZNEw:1rAt5q:sFHtPKU0U9KNwRicRFHTuEHEAsUJktFOWw6Ohk-lY0M", "expire_date": "2023-12-20T14:41:42.786Z"}}, {"model": "account.emailaddress", "pk": 1, "fields": {"user": 1, "email": "jeff@jeff.com", "verified": false, "primary": false}}, {"model": "account.emailaddress", "pk": 2, "fields": {"user": 1, "email": "jeff@zzzz.com", "verified": false, "primary": false}}, {"model": "tune.tune", "pk": 21, "fields": {"title": "first tune second user", "composer": "", "key": "", "other_keys": "", "song_form": "", "style": "standard", "meter": 4, "year": null, "created_at": "2023-12-06T14:41:30.166Z", "created_by": null}}, {"model": "tune.tune", "pk": 22, "fields": {"title": "etc", "composer": "", "key": "", "other_keys": "", "song_form": "", "style": "standard", "meter": 4, "year": 1923, "created_at": "2023-12-07T16:58:30.755Z", "created_by": null}}, {"model": "tune.tune", "pk": 42, "fields": {"title": "Solar", "composer": "Davis", "key": "C-", "other_keys": "F Eb Db", "song_form": "blues", "style": "jazz", "meter": 4, "year": 1954, "created_at": "2023-12-12T17:07:19.621Z", "created_by": null}}, {"model": "tune.tune", "pk": 43, "fields": {"title": "Dearly Beloved", "composer": "Kern", "key": "C", "other_keys": "Db", "song_form": "abac", "style": "standard", "meter": 4, "year": 1942, "created_at": "2023-12-12T17:32:00.698Z", "created_by": null}}, {"model": "tune.tune", "pk": 44, "fields": {"title": "Kary's Trance", "composer": "Konitz", "key": "A-", "other_keys": "C", "song_form": "aaba", "style": "jazz", "meter": 4, "year": 1956, "created_at": "2023-12-12T17:33:00.085Z", "created_by": null}}, {"model": "tune.tune", "pk": 45, "fields": {"title": "Oblivion", "composer": "Powell", "key": "Eb", "other_keys": "", "song_form": "abac", "style": "jazz", "meter": 4, "year": 1950, "created_at": "2023-12-12T17:34:32.585Z", "created_by": null}}, {"model": "tune.tune", "pk": 46, "fields": {"title": "Why Do I Love You?", "composer": "Kern", "key": "Ab", "other_keys": "F- Db", "song_form": "abac", "style": "standard", "meter": 4, "year": 1927, "created_at": "2023-12-12T17:35:53.608Z", "created_by": null}}, {"model": "tune.tune", "pk": 47, "fields": {"title": "Subconscious-Lee", "composer": "Konitz", "key": "C", "other_keys": "F- Bb", "song_form": "aaba", "style": "jazz", "meter": 4, "year": 1949, "created_at": "2023-12-14T04:54:30.084Z", "created_by": null}}, {"model": "tune.tune", "pk": 48, "fields": {"title": "Stella by Starlight", "composer": "Young", "key": "Bb", "other_keys": "Eb D- F", "song_form": "irregular", "style": "standard", "meter": 4, "year": 1944, "created_at": "2023-12-14T04:56:09.989Z", "created_by": null}}, {"model": "tune.tune", "pk": 49, "fields": {"title": "I Remember You", "composer": "Schertzinger", "key": "F", "other_keys": "Bb D C", "song_form": "aaba", "style": "standard", "meter": 4, "year": 1941, "created_at": "2023-12-14T04:57:29.040Z", "created_by": null}}, {"model": "tune.tune", "pk": 50, "fields": {"title": "After You've Gone", "composer": "Layton", "key": "C", "other_keys": "F D-", "song_form": "abac", "style": "standard", "meter": 4, "year": 1918, "created_at": "2023-12-14T04:59:13.173Z", "created_by": null}}, {"model": "tune.tune", "pk": 51, "fields": {"title": "In Walked Bud", "composer": "Monk", "key": "Ab", "other_keys": "F-", "song_form": "aaba", "style": "jazz", "meter": 4, "year": 1947, "created_at": "2023-12-14T05:00:08.842Z", "created_by": null}}, {"model": "tune.tune", "pk": 52, "fields": {"title": "Bye-Ya", "composer": "Monk", "key": "Eb", "other_keys": "Ab A", "song_form": "aaba", "style": "jazz", "meter": 4, "year": 1952, "created_at": "2023-12-14T05:01:23.405Z", "created_by": null}}, {"model": "tune.tune", "pk": 53, "fields": {"title": "Coming on the Hudson", "composer": "Monk", "key": "None", "other_keys": "", "song_form": "aba", "style": "jazz", "meter": 4, "year": 1958, "created_at": "2023-12-14T05:03:15.947Z", "created_by": null}}, {"model": "tune.tune", "pk": 54, "fields": {"title": "Scrapple from the Apple", "composer": "Parker", "key": "F", "other_keys": "", "song_form": "aaba", "style": "jazz", "meter": 4, "year": 1947, "created_at": "2023-12-14T05:04:00.736Z", "created_by": null}}, {"model": "tune.tune", "pk": 55, "fields": {"title": "Dewey Square", "composer": "Parker", "key": "Eb", "other_keys": "Ab", "song_form": "aaba", "style": "jazz", "meter": 4, "year": 1947, "created_at": "2023-12-14T05:05:13.852Z", "created_by": null}}, {"model": "tune.tune", "pk": 56, "fields": {"title": "Confirmation", "composer": "Parker", "key": "F", "other_keys": "D- Db Bb", "song_form": "aaba", "style": "jazz", "meter": 4, "year": 1945, "created_at": "2023-12-14T05:06:45.108Z", "created_by": null}}, {"model": "tune.tune", "pk": 57, "fields": {"title": "Woody n' You", "composer": "Gillespie", "key": "Db", "other_keys": "Gb G Ab A", "song_form": "aaba", "style": "jazz", "meter": 4, "year": 1942, "created_at": "2023-12-14T05:08:34.535Z", "created_by": null}}, {"model": "tune.tune", "pk": 58, "fields": {"title": "Giant Steps", "composer": "Coltrane", "key": "B", "other_keys": "G Eb", "song_form": "irregular", "style": "jazz", "meter": 4, "year": 1959, "created_at": "2023-12-14T05:09:37.468Z", "created_by": null}}, {"model": "tune.tune", "pk": 59, "fields": {"title": "Countdown", "composer": "Coltrane", "key": "Bb", "other_keys": "Gb D Ab E C", "song_form": "irregular", "style": "jazz", "meter": 4, "year": 1959, "created_at": "2023-12-14T05:10:43.162Z", "created_by": null}}, {"model": "tune.tune", "pk": 60, "fields": {"title": "I'll Remember April", "composer": "de Paul", "key": "G", "other_keys": "G- Bb E", "song_form": "aba", "style": "standard", "meter": 4, "year": 1941, "created_at": "2023-12-14T05:11:57.334Z", "created_by": null}}, {"model": "tune.tune", "pk": 61, "fields": {"title": "Inner Urge", "composer": "Henderson", "key": "None", "other_keys": "F Eb Db E D B C A G", "song_form": "irregular", "style": "jazz", "meter": 4, "year": 1964, "created_at": "2023-12-14T05:18:05.430Z", "created_by": null}}, {"model": "tune.repertoiretune", "pk": 7, "fields": {"tune": 21, "player": 2, "last_played": null, "knowledge": "know"}}, {"model": "tune.repertoiretune", "pk": 27, "fields": {"tune": 42, "player": 1, "last_played": null, "knowledge": "know"}}, {"model": "tune.repertoiretune", "pk": 28, "fields": {"tune": 43, "player": 1, "last_played": null, "knowledge": "know"}}, {"model": "tune.repertoiretune", "pk": 29, "fields": {"tune": 44, "player": 1, "last_played": null, "knowledge": "know"}}, {"model": "tune.repertoiretune", "pk": 30, "fields": {"tune": 45, "player": 1, "last_played": null, "knowledge": "know"}}, {"model": "tune.repertoiretune", "pk": 31, "fields": {"tune": 46, "player": 1, "last_played": null, "knowledge": "learning"}}, {"model": "tune.repertoiretune", "pk": 32, "fields": {"tune": 47, "player": 1, "last_played": null, "knowledge": "know"}}, {"model": "tune.repertoiretune", "pk": 33, "fields": {"tune": 48, "player": 1, "last_played": null, "knowledge": "know"}}, {"model": "tune.repertoiretune", "pk": 34, "fields": {"tune": 49, "player": 1, "last_played": null, "knowledge": "know"}}, {"model": "tune.repertoiretune", "pk": 35, "fields": {"tune": 50, "player": 1, "last_played": null, "knowledge": "know"}}, {"model": "tune.repertoiretune", "pk": 36, "fields": {"tune": 51, "player": 1, "last_played": null, "knowledge": "know"}}, {"model": "tune.repertoiretune", "pk": 37, "fields": {"tune": 52, "player": 1, "last_played": null, "knowledge": "know"}}, {"model": "tune.repertoiretune", "pk": 38, "fields": {"tune": 53, "player": 1, "last_played": null, "knowledge": "don't know"}}, {"model": "tune.repertoiretune", "pk": 39, "fields": {"tune": 54, "player": 1, "last_played": null, "knowledge": "know"}}, {"model": "tune.repertoiretune", "pk": 40, "fields": {"tune": 55, "player": 1, "last_played": null, "knowledge": "don't know"}}, {"model": "tune.repertoiretune", "pk": 41, "fields": {"tune": 56, "player": 1, "last_played": null, "knowledge": "know"}}, {"model": "tune.repertoiretune", "pk": 42, "fields": {"tune": 57, "player": 1, "last_played": null, "knowledge": ""}}, {"model": "tune.repertoiretune", "pk": 43, "fields": {"tune": 58, "player": 1, "last_played": null, "knowledge": "know"}}, {"model": "tune.repertoiretune", "pk": 44, "fields": {"tune": 59, "player": 1, "last_played": null, "knowledge": "know"}}, {"model": "tune.repertoiretune", "pk": 45, "fields": {"tune": 60, "player": 1, "last_played": null, "knowledge": "know"}}, {"model": "tune.repertoiretune", "pk": 46, "fields": {"tune": 61, "player": 1, "last_played": null, "knowledge": "learning"}}]