[{"model": "admin.logentry", "pk": 1, "fields": {"action_time": "2023-12-16T22:48:31.209Z", "user": 2, "content_type": 12, "object_id": "23", "object_repr": "Tune 23 | Jackie-ing", "action_flag": 3, "change_message": ""}}, {"model": "admin.logentry", "pk": 2, "fields": {"action_time": "2023-12-16T22:48:31.213Z", "user": 2, "content_type": 12, "object_id": "24", "object_repr": "Tune 24 | jackie-ing", "action_flag": 3, "change_message": ""}}, {"model": "admin.logentry", "pk": 3, "fields": {"action_time": "2023-12-16T22:53:12.095Z", "user": 2, "content_type": 4, "object_id": "1", "object_repr": "jeff", "action_flag": 2, "change_message": "[{\"changed\": {\"fields\": [\"password\"]}}]"}}, {"model": "admin.logentry", "pk": 4, "fields": {"action_time": "2024-01-06T20:06:06.895Z", "user": 2, "content_type": 12, "object_id": "31", "object_repr": "Tune 31 | All the Things You Are", "action_flag": 1, "change_message": "[{\"added\": {}}]"}}, {"model": "admin.logentry", "pk": 5, "fields": {"action_time": "2024-01-06T20:10:19.355Z", "user": 2, "content_type": 12, "object_id": "32", "object_repr": "Tune 32 | My Melancholy Baby", "action_flag": 1, "change_message": "[{\"added\": {}}]"}}, {"model": "admin.logentry", "pk": 6, "fields": {"action_time": "2024-01-06T20:10:51.885Z", "user": 2, "content_type": 12, "object_id": "33", "object_repr": "Tune 33 | Tiger Rag", "action_flag": 1, "change_message": "[{\"added\": {}}]"}}, {"model": "admin.logentry", "pk": 7, "fields": {"action_time": "2024-01-06T20:11:20.443Z", "user": 2, "content_type": 12, "object_id": "34", "object_repr": "Tune 34 | Indiana", "action_flag": 1, "change_message": "[{\"added\": {}}]"}}, {"model": "admin.logentry", "pk": 8, "fields": {"action_time": "2024-01-06T20:12:24.597Z", "user": 2, "content_type": 12, "object_id": "35", "object_repr": "Tune 35 | Lady Be Good", "action_flag": 1, "change_message": "[{\"added\": {}}]"}}, {"model": "admin.logentry", "pk": 9, "fields": {"action_time": "2024-01-06T20:12:31.373Z", "user": 2, "content_type": 12, "object_id": "34", "object_repr": "Tune 34 | Indiana", "action_flag": 2, "change_message": "[{\"changed\": {\"fields\": [\"Created by\"]}}]"}}, {"model": "admin.logentry", "pk": 10, "fields": {"action_time": "2024-01-06T20:12:35.338Z", "user": 2, "content_type": 12, "object_id": "33", "object_repr": "Tune 33 | Tiger Rag", "action_flag": 2, "change_message": "[]"}}, {"model": "admin.logentry", "pk": 11, "fields": {"action_time": "2024-01-06T20:13:17.844Z", "user": 2, "content_type": 12, "object_id": "36", "object_repr": "Tune 36 | Limehouse Blues", "action_flag": 1, "change_message": "[{\"added\": {}}]"}}, {"model": "admin.logentry", "pk": 12, "fields": {"action_time": "2024-01-06T20:16:04.160Z", "user": 2, "content_type": 12, "object_id": "37", "object_repr": "Tune 37 | The Man I Love", "action_flag": 1, "change_message": "[{\"added\": {}}]"}}, {"model": "admin.logentry", "pk": 13, "fields": {"action_time": "2024-01-06T20:16:35.493Z", "user": 2, "content_type": 12, "object_id": "38", "object_repr": "Tune 38 | Sweet Georgia Brown", "action_flag": 1, "change_message": "[{\"added\": {}}]"}}, {"model": "admin.logentry", "pk": 14, "fields": {"action_time": "2024-01-06T20:17:29.217Z", "user": 2, "content_type": 12, "object_id": "39", "object_repr": "Tune 39 | Bye Bye Blackbird", "action_flag": 1, "change_message": "[{\"added\": {}}]"}}, {"model": "admin.logentry", "pk": 15, "fields": {"action_time": "2024-01-06T20:17:51.548Z", "user": 2, "content_type": 12, "object_id": "40", "object_repr": "Tune 40 | Star Dust", "action_flag": 1, "change_message": "[{\"added\": {}}]"}}, {"model": "admin.logentry", "pk": 16, "fields": {"action_time": "2024-01-06T20:18:22.514Z", "user": 2, "content_type": 12, "object_id": "41", "object_repr": "Tune 41 | Strike up the Band", "action_flag": 1, "change_message": "[{\"added\": {}}]"}}, {"model": "admin.logentry", "pk": 17, "fields": {"action_time": "2024-01-06T20:18:54.862Z", "user": 2, "content_type": 12, "object_id": "42", "object_repr": "Tune 42 | Embraceable You", "action_flag": 1, "change_message": "[{\"added\": {}}]"}}, {"model": "admin.logentry", "pk": 18, "fields": {"action_time": "2024-01-06T20:19:39.245Z", "user": 2, "content_type": 12, "object_id": "43", "object_repr": "Tune 43 | Softly, As in a Morning Sunrise", "action_flag": 1, "change_message": "[{\"added\": {}}]"}}, {"model": "admin.logentry", "pk": 19, "fields": {"action_time": "2024-01-06T20:20:06.729Z", "user": 2, "content_type": 12, "object_id": "44", "object_repr": "Tune 44 | Love Come Back to Me", "action_flag": 1, "change_message": "[{\"added\": {}}]"}}, {"model": "admin.logentry", "pk": 20, "fields": {"action_time": "2024-01-06T20:20:49.443Z", "user": 2, "content_type": 12, "object_id": "45", "object_repr": "Tune 45 | Honeysuckle Rose", "action_flag": 1, "change_message": "[{\"added\": {}}]"}}, {"model": "admin.logentry", "pk": 21, "fields": {"action_time": "2024-01-06T20:22:06.756Z", "user": 2, "content_type": 12, "object_id": "46", "object_repr": "Tune 46 | What is This Thing Called Love?", "action_flag": 1, "change_message": "[{\"added\": {}}]"}}, {"model": "admin.logentry", "pk": 22, "fields": {"action_time": "2024-01-06T20:22:32.007Z", "user": 2, "content_type": 12, "object_id": "47", "object_repr": "Tune 47 | Just You, Just Me", "action_flag": 1, "change_message": "[{\"added\": {}}]"}}, {"model": "admin.logentry", "pk": 23, "fields": {"action_time": "2024-01-06T20:23:08.141Z", "user": 2, "content_type": 12, "object_id": "48", "object_repr": "Tune 48 | Body and Soul", "action_flag": 1, "change_message": "[{\"added\": {}}]"}}, {"model": "admin.logentry", "pk": 24, "fields": {"action_time": "2024-01-06T20:23:33.545Z", "user": 2, "content_type": 12, "object_id": "49", "object_repr": "Tune 49 | I Got Rhythm", "action_flag": 1, "change_message": "[{\"added\": {}}]"}}, {"model": "admin.logentry", "pk": 25, "fields": {"action_time": "2024-01-06T20:23:59.835Z", "user": 2, "content_type": 12, "object_id": "50", "object_repr": "Tune 50 | Memories of You", "action_flag": 1, "change_message": "[{\"added\": {}}]"}}, {"model": "admin.logentry", "pk": 26, "fields": {"action_time": "2024-01-06T20:24:28.711Z", "user": 2, "content_type": 12, "object_id": "51", "object_repr": "Tune 51 | On the Sunny Side of the Street", "action_flag": 1, "change_message": "[{\"added\": {}}]"}}, {"model": "admin.logentry", "pk": 27, "fields": {"action_time": "2024-01-06T20:24:55.017Z", "user": 2, "content_type": 12, "object_id": "52", "object_repr": "Tune 52 | But Not for Me", "action_flag": 1, "change_message": "[{\"added\": {}}]"}}, {"model": "admin.logentry", "pk": 28, "fields": {"action_time": "2024-01-06T20:25:37.566Z", "user": 2, "content_type": 12, "object_id": "53", "object_repr": "Tune 53 | Love for Sale", "action_flag": 1, "change_message": "[{\"added\": {}}]"}}, {"model": "admin.logentry", "pk": 29, "fields": {"action_time": "2024-01-06T20:26:00.262Z", "user": 2, "content_type": 12, "object_id": "54", "object_repr": "Tune 54 | My Ideal", "action_flag": 1, "change_message": "[{\"added\": {}}]"}}, {"model": "admin.logentry", "pk": 30, "fields": {"action_time": "2024-01-06T20:26:22.455Z", "user": 2, "content_type": 12, "object_id": "55", "object_repr": "Tune 55 | Three Little Words", "action_flag": 1, "change_message": "[{\"added\": {}}]"}}, {"model": "admin.logentry", "pk": 31, "fields": {"action_time": "2024-01-06T20:26:28.596Z", "user": 2, "content_type": 12, "object_id": "54", "object_repr": "Tune 54 | My Ideal", "action_flag": 2, "change_message": "[{\"changed\": {\"fields\": [\"Created by\"]}}]"}}, {"model": "admin.logentry", "pk": 32, "fields": {"action_time": "2024-01-06T23:08:35.639Z", "user": 2, "content_type": 13, "object_id": "29", "object_repr": "Tune 31 | All the Things You Are | jeff", "action_flag": 3, "change_message": ""}}, {"model": "admin.logentry", "pk": 33, "fields": {"action_time": "2024-01-06T23:09:58.322Z", "user": 2, "content_type": 13, "object_id": "31", "object_repr": "Tune 31 | All the Things You Are | jeff", "action_flag": 3, "change_message": ""}}, {"model": "admin.logentry", "pk": 34, "fields": {"action_time": "2024-01-06T23:12:27.650Z", "user": 2, "content_type": 13, "object_id": "32", "object_repr": "Tune 31 | All the Things You Are | jeff", "action_flag": 3, "change_message": ""}}, {"model": "admin.logentry", "pk": 35, "fields": {"action_time": "2024-01-17T04:51:35.611Z", "user": 2, "content_type": 12, "object_id": "56", "object_repr": "Tune 56 | All of Me", "action_flag": 1, "change_message": "[{\"added\": {}}]"}}, {"model": "admin.logentry", "pk": 36, "fields": {"action_time": "2024-01-17T04:52:03.430Z", "user": 2, "content_type": 12, "object_id": "57", "object_repr": "Tune 57 | Out of Nowhere", "action_flag": 1, "change_message": "[{\"added\": {}}]"}}, {"model": "admin.logentry", "pk": 37, "fields": {"action_time": "2024-01-17T04:52:48.911Z", "user": 2, "content_type": 12, "object_id": "58", "object_repr": "Tune 58 | You're My Everything", "action_flag": 1, "change_message": "[{\"added\": {}}]"}}, {"model": "admin.logentry", "pk": 38, "fields": {"action_time": "2024-01-17T04:53:20.724Z", "user": 2, "content_type": 12, "object_id": "59", "object_repr": "Tune 59 | Just Friends", "action_flag": 1, "change_message": "[{\"added\": {}}]"}}, {"model": "admin.logentry", "pk": 39, "fields": {"action_time": "2024-01-17T04:54:19.225Z", "user": 2, "content_type": 12, "object_id": "60", "object_repr": "Tune 60 | How Deep is the Ocean", "action_flag": 1, "change_message": "[{\"added\": {}}]"}}, {"model": "admin.logentry", "pk": 40, "fields": {"action_time": "2024-01-17T04:55:09.355Z", "user": 2, "content_type": 12, "object_id": "61", "object_repr": "Tune 61 | Don't Blame Me", "action_flag": 1, "change_message": "[{\"added\": {}}]"}}, {"model": "admin.logentry", "pk": 41, "fields": {"action_time": "2024-01-17T04:55:50.752Z", "user": 2, "content_type": 12, "object_id": "62", "object_repr": "Tune 62 | April in Paris", "action_flag": 1, "change_message": "[{\"added\": {}}]"}}, {"model": "admin.logentry", "pk": 42, "fields": {"action_time": "2024-01-17T04:57:16.746Z", "user": 2, "content_type": 12, "object_id": "63", "object_repr": "Tune 63 | The Song is You", "action_flag": 1, "change_message": "[{\"added\": {}}]"}}, {"model": "admin.logentry", "pk": 43, "fields": {"action_time": "2024-01-17T04:57:44.155Z", "user": 2, "content_type": 12, "object_id": "64", "object_repr": "Tune 64 | Lover", "action_flag": 1, "change_message": "[{\"added\": {}}]"}}, {"model": "admin.logentry", "pk": 44, "fields": {"action_time": "2024-01-17T04:58:12.428Z", "user": 2, "content_type": 12, "object_id": "65", "object_repr": "Tune 65 | Night and Day", "action_flag": 1, "change_message": "[{\"added\": {}}]"}}, {"model": "admin.logentry", "pk": 45, "fields": {"action_time": "2024-01-17T05:00:07.414Z", "user": 2, "content_type": 12, "object_id": "66", "object_repr": "Tune 66 | Smoke Gets in Your Eyes", "action_flag": 1, "change_message": "[{\"added\": {}}]"}}, {"model": "admin.logentry", "pk": 46, "fields": {"action_time": "2024-01-17T05:00:35.470Z", "user": 2, "content_type": 12, "object_id": "67", "object_repr": "Tune 67 | Yesterdays", "action_flag": 1, "change_message": "[{\"added\": {}}]"}}, {"model": "admin.logentry", "pk": 47, "fields": {"action_time": "2024-01-17T05:01:19.230Z", "user": 2, "content_type": 12, "object_id": "68", "object_repr": "Tune 68 | Summertime", "action_flag": 1, "change_message": "[{\"added\": {}}]"}}, {"model": "admin.logentry", "pk": 48, "fields": {"action_time": "2024-01-17T05:01:27.906Z", "user": 2, "content_type": 12, "object_id": "67", "object_repr": "Tune 67 | Yesterdays", "action_flag": 2, "change_message": "[]"}}, {"model": "admin.logentry", "pk": 49, "fields": {"action_time": "2024-01-17T05:01:54.552Z", "user": 2, "content_type": 12, "object_id": "69", "object_repr": "Tune 69 | I Get a Kick Out of You", "action_flag": 1, "change_message": "[{\"added\": {}}]"}}, {"model": "admin.logentry", "pk": 50, "fields": {"action_time": "2024-01-17T05:02:25.492Z", "user": 2, "content_type": 12, "object_id": "70", "object_repr": "Tune 70 | My Old Flame", "action_flag": 1, "change_message": "[{\"added\": {}}]"}}, {"model": "admin.logentry", "pk": 51, "fields": {"action_time": "2024-01-17T05:02:53.508Z", "user": 2, "content_type": 12, "object_id": "71", "object_repr": "Tune 71 | East of the Sun", "action_flag": 1, "change_message": "[{\"added\": {}}]"}}, {"model": "admin.logentry", "pk": 52, "fields": {"action_time": "2024-01-17T05:03:41.788Z", "user": 2, "content_type": 12, "object_id": "72", "object_repr": "Tune 72 | Easy to Love", "action_flag": 1, "change_message": "[{\"added\": {}}]"}}, {"model": "admin.logentry", "pk": 53, "fields": {"action_time": "2024-01-17T05:04:19.734Z", "user": 2, "content_type": 12, "object_id": "73", "object_repr": "Tune 73 | These Foolish Things", "action_flag": 1, "change_message": "[{\"added\": {}}]"}}, {"model": "admin.logentry", "pk": 54, "fields": {"action_time": "2024-01-18T15:17:33.913Z", "user": 2, "content_type": 13, "object_id": "46", "object_repr": "Tune 32 | My Melancholy Baby | admin", "action_flag": 1, "change_message": "[{\"added\": {}}]"}}, {"model": "admin.logentry", "pk": 55, "fields": {"action_time": "2024-01-18T15:17:52.459Z", "user": 2, "content_type": 13, "object_id": "47", "object_repr": "Tune 33 | Tiger Rag | admin", "action_flag": 1, "change_message": "[{\"added\": {}}]"}}, {"model": "admin.logentry", "pk": 56, "fields": {"action_time": "2024-01-18T15:18:16.310Z", "user": 2, "content_type": 13, "object_id": "48", "object_repr": "Tune 34 | Indiana | admin", "action_flag": 1, "change_message": "[{\"added\": {}}]"}}, {"model": "admin.logentry", "pk": 57, "fields": {"action_time": "2024-01-18T15:18:33.298Z", "user": 2, "content_type": 13, "object_id": "49", "object_repr": "Tune 35 | Lady Be Good | admin", "action_flag": 1, "change_message": "[{\"added\": {}}]"}}, {"model": "admin.logentry", "pk": 58, "fields": {"action_time": "2024-01-18T15:18:45.605Z", "user": 2, "content_type": 13, "object_id": "50", "object_repr": "Tune 36 | Limehouse Blues | admin", "action_flag": 1, "change_message": "[{\"added\": {}}]"}}, {"model": "admin.logentry", "pk": 59, "fields": {"action_time": "2024-01-18T15:18:57.158Z", "user": 2, "content_type": 13, "object_id": "51", "object_repr": "Tune 37 | The Man I Love | admin", "action_flag": 1, "change_message": "[{\"added\": {}}]"}}, {"model": "admin.logentry", "pk": 60, "fields": {"action_time": "2024-01-18T15:19:35.095Z", "user": 2, "content_type": 13, "object_id": "52", "object_repr": "Tune 38 | Sweet Georgia Brown | admin", "action_flag": 1, "change_message": "[{\"added\": {}}]"}}, {"model": "admin.logentry", "pk": 61, "fields": {"action_time": "2024-01-18T15:19:56.045Z", "user": 2, "content_type": 13, "object_id": "53", "object_repr": "Tune 39 | Bye Bye Blackbird | admin", "action_flag": 1, "change_message": "[{\"added\": {}}]"}}, {"model": "admin.logentry", "pk": 62, "fields": {"action_time": "2024-01-18T15:20:05.188Z", "user": 2, "content_type": 13, "object_id": "54", "object_repr": "Tune 40 | Star Dust | admin", "action_flag": 1, "change_message": "[{\"added\": {}}]"}}, {"model": "admin.logentry", "pk": 63, "fields": {"action_time": "2024-01-18T15:20:14.564Z", "user": 2, "content_type": 13, "object_id": "55", "object_repr": "Tune 41 | Strike up the Band | admin", "action_flag": 1, "change_message": "[{\"added\": {}}]"}}, {"model": "admin.logentry", "pk": 64, "fields": {"action_time": "2024-01-18T15:20:23.806Z", "user": 2, "content_type": 13, "object_id": "56", "object_repr": "Tune 42 | Embraceable You | admin", "action_flag": 1, "change_message": "[{\"added\": {}}]"}}, {"model": "admin.logentry", "pk": 65, "fields": {"action_time": "2024-01-18T18:01:29.746Z", "user": 2, "content_type": 13, "object_id": "57", "object_repr": "Tune 43 | Softly, As in a Morning Sunrise | admin", "action_flag": 1, "change_message": "[{\"added\": {}}]"}}, {"model": "admin.logentry", "pk": 66, "fields": {"action_time": "2024-01-18T18:02:02.294Z", "user": 2, "content_type": 12, "object_id": "44", "object_repr": "Tune 44 | Lover Come Back to Me", "action_flag": 2, "change_message": "[{\"changed\": {\"fields\": [\"Title\"]}}]"}}, {"model": "admin.logentry", "pk": 67, "fields": {"action_time": "2024-01-18T18:02:21.018Z", "user": 2, "content_type": 13, "object_id": "58", "object_repr": "Tune 44 | Lover Come Back to Me | admin", "action_flag": 1, "change_message": "[{\"added\": {}}]"}}, {"model": "admin.logentry", "pk": 68, "fields": {"action_time": "2024-01-18T18:02:30.911Z", "user": 2, "content_type": 13, "object_id": "59", "object_repr": "Tune 45 | Honeysuckle Rose | admin", "action_flag": 1, "change_message": "[{\"added\": {}}]"}}, {"model": "admin.logentry", "pk": 69, "fields": {"action_time": "2024-01-18T18:03:17.299Z", "user": 2, "content_type": 13, "object_id": "60", "object_repr": "Tune 47 | Just You, Just Me | admin", "action_flag": 1, "change_message": "[{\"added\": {}}]"}}, {"model": "admin.logentry", "pk": 70, "fields": {"action_time": "2024-01-18T18:03:26.911Z", "user": 2, "content_type": 13, "object_id": "61", "object_repr": "Tune 48 | Body and Soul | admin", "action_flag": 1, "change_message": "[{\"added\": {}}]"}}, {"model": "admin.logentry", "pk": 71, "fields": {"action_time": "2024-01-18T18:03:33.295Z", "user": 2, "content_type": 13, "object_id": "62", "object_repr": "Tune 49 | I Got Rhythm | admin", "action_flag": 1, "change_message": "[{\"added\": {}}]"}}, {"model": "admin.logentry", "pk": 72, "fields": {"action_time": "2024-01-18T18:03:48.570Z", "user": 2, "content_type": 13, "object_id": "63", "object_repr": "Tune 50 | Memories of You | admin", "action_flag": 1, "change_message": "[{\"added\": {}}]"}}, {"model": "admin.logentry", "pk": 73, "fields": {"action_time": "2024-01-18T18:03:59.891Z", "user": 2, "content_type": 13, "object_id": "64", "object_repr": "Tune 51 | On the Sunny Side of the Street | admin", "action_flag": 1, "change_message": "[{\"added\": {}}]"}}, {"model": "admin.logentry", "pk": 74, "fields": {"action_time": "2024-01-18T18:04:06.512Z", "user": 2, "content_type": 13, "object_id": "65", "object_repr": "Tune 52 | But Not for Me | admin", "action_flag": 1, "change_message": "[{\"added\": {}}]"}}, {"model": "admin.logentry", "pk": 75, "fields": {"action_time": "2024-01-18T18:04:15.414Z", "user": 2, "content_type": 13, "object_id": "66", "object_repr": "Tune 53 | Love for Sale | admin", "action_flag": 1, "change_message": "[{\"added\": {}}]"}}, {"model": "admin.logentry", "pk": 76, "fields": {"action_time": "2024-01-18T18:04:24.986Z", "user": 2, "content_type": 13, "object_id": "67", "object_repr": "Tune 54 | My Ideal | admin", "action_flag": 1, "change_message": "[{\"added\": {}}]"}}, {"model": "admin.logentry", "pk": 77, "fields": {"action_time": "2024-01-18T18:04:31.960Z", "user": 2, "content_type": 13, "object_id": "68", "object_repr": "Tune 55 | Three Little Words | admin", "action_flag": 1, "change_message": "[{\"added\": {}}]"}}, {"model": "admin.logentry", "pk": 78, "fields": {"action_time": "2024-01-18T18:04:39.608Z", "user": 2, "content_type": 13, "object_id": "69", "object_repr": "Tune 56 | All of Me | admin", "action_flag": 1, "change_message": "[{\"added\": {}}]"}}, {"model": "admin.logentry", "pk": 79, "fields": {"action_time": "2024-01-18T18:04:57.486Z", "user": 2, "content_type": 13, "object_id": "70", "object_repr": "Tune 57 | Out of Nowhere | admin", "action_flag": 1, "change_message": "[{\"added\": {}}]"}}, {"model": "admin.logentry", "pk": 80, "fields": {"action_time": "2024-01-18T18:05:03.200Z", "user": 2, "content_type": 13, "object_id": "71", "object_repr": "Tune 58 | You're My Everything | admin", "action_flag": 1, "change_message": "[{\"added\": {}}]"}}, {"model": "admin.logentry", "pk": 81, "fields": {"action_time": "2024-01-18T18:05:09.466Z", "user": 2, "content_type": 13, "object_id": "72", "object_repr": "Tune 59 | Just Friends | admin", "action_flag": 1, "change_message": "[{\"added\": {}}]"}}, {"model": "admin.logentry", "pk": 82, "fields": {"action_time": "2024-01-18T18:05:21.047Z", "user": 2, "content_type": 13, "object_id": "73", "object_repr": "Tune 60 | How Deep is the Ocean | admin", "action_flag": 1, "change_message": "[{\"added\": {}}]"}}, {"model": "admin.logentry", "pk": 83, "fields": {"action_time": "2024-01-18T18:05:40.503Z", "user": 2, "content_type": 13, "object_id": "74", "object_repr": "Tune 61 | Don't Blame Me | admin", "action_flag": 1, "change_message": "[{\"added\": {}}]"}}, {"model": "admin.logentry", "pk": 84, "fields": {"action_time": "2024-01-18T18:05:46.726Z", "user": 2, "content_type": 13, "object_id": "75", "object_repr": "Tune 62 | April in Paris | admin", "action_flag": 1, "change_message": "[{\"added\": {}}]"}}, {"model": "admin.logentry", "pk": 85, "fields": {"action_time": "2024-01-18T18:05:53.225Z", "user": 2, "content_type": 13, "object_id": "76", "object_repr": "Tune 63 | The Song is You | admin", "action_flag": 1, "change_message": "[{\"added\": {}}]"}}, {"model": "admin.logentry", "pk": 86, "fields": {"action_time": "2024-01-18T18:05:58.867Z", "user": 2, "content_type": 13, "object_id": "77", "object_repr": "Tune 64 | Lover | admin", "action_flag": 1, "change_message": "[{\"added\": {}}]"}}, {"model": "admin.logentry", "pk": 87, "fields": {"action_time": "2024-01-18T18:06:04.979Z", "user": 2, "content_type": 13, "object_id": "78", "object_repr": "Tune 65 | Night and Day | admin", "action_flag": 1, "change_message": "[{\"added\": {}}]"}}, {"model": "admin.logentry", "pk": 88, "fields": {"action_time": "2024-01-18T18:06:10.371Z", "user": 2, "content_type": 13, "object_id": "79", "object_repr": "Tune 66 | Smoke Gets in Your Eyes | admin", "action_flag": 1, "change_message": "[{\"added\": {}}]"}}, {"model": "admin.logentry", "pk": 89, "fields": {"action_time": "2024-01-18T18:06:17.521Z", "user": 2, "content_type": 13, "object_id": "80", "object_repr": "Tune 67 | Yesterdays | admin", "action_flag": 1, "change_message": "[{\"added\": {}}]"}}, {"model": "admin.logentry", "pk": 90, "fields": {"action_time": "2024-01-18T18:06:23.944Z", "user": 2, "content_type": 13, "object_id": "81", "object_repr": "Tune 68 | Summertime | admin", "action_flag": 1, "change_message": "[{\"added\": {}}]"}}, {"model": "admin.logentry", "pk": 91, "fields": {"action_time": "2024-01-18T18:06:32.887Z", "user": 2, "content_type": 13, "object_id": "82", "object_repr": "Tune 69 | I Get a Kick Out of You | admin", "action_flag": 1, "change_message": "[{\"added\": {}}]"}}, {"model": "admin.logentry", "pk": 92, "fields": {"action_time": "2024-01-18T18:06:39.073Z", "user": 2, "content_type": 13, "object_id": "83", "object_repr": "Tune 70 | My Old Flame | admin", "action_flag": 1, "change_message": "[{\"added\": {}}]"}}, {"model": "admin.logentry", "pk": 93, "fields": {"action_time": "2024-01-18T18:06:45.202Z", "user": 2, "content_type": 13, "object_id": "84", "object_repr": "Tune 71 | East of the Sun | admin", "action_flag": 1, "change_message": "[{\"added\": {}}]"}}, {"model": "admin.logentry", "pk": 94, "fields": {"action_time": "2024-01-18T18:06:50.746Z", "user": 2, "content_type": 13, "object_id": "85", "object_repr": "Tune 72 | Easy to Love | admin", "action_flag": 1, "change_message": "[{\"added\": {}}]"}}, {"model": "admin.logentry", "pk": 95, "fields": {"action_time": "2024-01-18T18:12:04.717Z", "user": 2, "content_type": 12, "object_id": "53", "object_repr": "Tune 53 | Love for Sale", "action_flag": 2, "change_message": "[{\"changed\": {\"fields\": [\"Other keys\"]}}]"}}, {"model": "auth.permission", "pk": 1, "fields": {"name": "Can add log entry", "content_type": 1, "codename": "add_logentry"}}, {"model": "auth.permission", "pk": 2, "fields": {"name": "Can change log entry", "content_type": 1, "codename": "change_logentry"}}, {"model": "auth.permission", "pk": 3, "fields": {"name": "Can delete log entry", "content_type": 1, "codename": "delete_logentry"}}, {"model": "auth.permission", "pk": 4, "fields": {"name": "Can view log entry", "content_type": 1, "codename": "view_logentry"}}, {"model": "auth.permission", "pk": 5, "fields": {"name": "Can add permission", "content_type": 2, "codename": "add_permission"}}, {"model": "auth.permission", "pk": 6, "fields": {"name": "Can change permission", "content_type": 2, "codename": "change_permission"}}, {"model": "auth.permission", "pk": 7, "fields": {"name": "Can delete permission", "content_type": 2, "codename": "delete_permission"}}, {"model": "auth.permission", "pk": 8, "fields": {"name": "Can view permission", "content_type": 2, "codename": "view_permission"}}, {"model": "auth.permission", "pk": 9, "fields": {"name": "Can add group", "content_type": 3, "codename": "add_group"}}, {"model": "auth.permission", "pk": 10, "fields": {"name": "Can change group", "content_type": 3, "codename": "change_group"}}, {"model": "auth.permission", "pk": 11, "fields": {"name": "Can delete group", "content_type": 3, "codename": "delete_group"}}, {"model": "auth.permission", "pk": 12, "fields": {"name": "Can view group", "content_type": 3, "codename": "view_group"}}, {"model": "auth.permission", "pk": 13, "fields": {"name": "Can add user", "content_type": 4, "codename": "add_user"}}, {"model": "auth.permission", "pk": 14, "fields": {"name": "Can change user", "content_type": 4, "codename": "change_user"}}, {"model": "auth.permission", "pk": 15, "fields": {"name": "Can delete user", "content_type": 4, "codename": "delete_user"}}, {"model": "auth.permission", "pk": 16, "fields": {"name": "Can view user", "content_type": 4, "codename": "view_user"}}, {"model": "auth.permission", "pk": 17, "fields": {"name": "Can add content type", "content_type": 5, "codename": "add_contenttype"}}, {"model": "auth.permission", "pk": 18, "fields": {"name": "Can change content type", "content_type": 5, "codename": "change_contenttype"}}, {"model": "auth.permission", "pk": 19, "fields": {"name": "Can delete content type", "content_type": 5, "codename": "delete_contenttype"}}, {"model": "auth.permission", "pk": 20, "fields": {"name": "Can view content type", "content_type": 5, "codename": "view_contenttype"}}, {"model": "auth.permission", "pk": 21, "fields": {"name": "Can add session", "content_type": 6, "codename": "add_session"}}, {"model": "auth.permission", "pk": 22, "fields": {"name": "Can change session", "content_type": 6, "codename": "change_session"}}, {"model": "auth.permission", "pk": 23, "fields": {"name": "Can delete session", "content_type": 6, "codename": "delete_session"}}, {"model": "auth.permission", "pk": 24, "fields": {"name": "Can view session", "content_type": 6, "codename": "view_session"}}, {"model": "auth.permission", "pk": 25, "fields": {"name": "Can add email address", "content_type": 7, "codename": "add_emailaddress"}}, {"model": "auth.permission", "pk": 26, "fields": {"name": "Can change email address", "content_type": 7, "codename": "change_emailaddress"}}, {"model": "auth.permission", "pk": 27, "fields": {"name": "Can delete email address", "content_type": 7, "codename": "delete_emailaddress"}}, {"model": "auth.permission", "pk": 28, "fields": {"name": "Can view email address", "content_type": 7, "codename": "view_emailaddress"}}, {"model": "auth.permission", "pk": 29, "fields": {"name": "Can add email confirmation", "content_type": 8, "codename": "add_emailconfirmation"}}, {"model": "auth.permission", "pk": 30, "fields": {"name": "Can change email confirmation", "content_type": 8, "codename": "change_emailconfirmation"}}, {"model": "auth.permission", "pk": 31, "fields": {"name": "Can delete email confirmation", "content_type": 8, "codename": "delete_emailconfirmation"}}, {"model": "auth.permission", "pk": 32, "fields": {"name": "Can view email confirmation", "content_type": 8, "codename": "view_emailconfirmation"}}, {"model": "auth.permission", "pk": 33, "fields": {"name": "Can add social account", "content_type": 9, "codename": "add_socialaccount"}}, {"model": "auth.permission", "pk": 34, "fields": {"name": "Can change social account", "content_type": 9, "codename": "change_socialaccount"}}, {"model": "auth.permission", "pk": 35, "fields": {"name": "Can delete social account", "content_type": 9, "codename": "delete_socialaccount"}}, {"model": "auth.permission", "pk": 36, "fields": {"name": "Can view social account", "content_type": 9, "codename": "view_socialaccount"}}, {"model": "auth.permission", "pk": 37, "fields": {"name": "Can add social application", "content_type": 10, "codename": "add_socialapp"}}, {"model": "auth.permission", "pk": 38, "fields": {"name": "Can change social application", "content_type": 10, "codename": "change_socialapp"}}, {"model": "auth.permission", "pk": 39, "fields": {"name": "Can delete social application", "content_type": 10, "codename": "delete_socialapp"}}, {"model": "auth.permission", "pk": 40, "fields": {"name": "Can view social application", "content_type": 10, "codename": "view_socialapp"}}, {"model": "auth.permission", "pk": 41, "fields": {"name": "Can add social application token", "content_type": 11, "codename": "add_socialtoken"}}, {"model": "auth.permission", "pk": 42, "fields": {"name": "Can change social application token", "content_type": 11, "codename": "change_socialtoken"}}, {"model": "auth.permission", "pk": 43, "fields": {"name": "Can delete social application token", "content_type": 11, "codename": "delete_socialtoken"}}, {"model": "auth.permission", "pk": 44, "fields": {"name": "Can view social application token", "content_type": 11, "codename": "view_socialtoken"}}, {"model": "auth.permission", "pk": 45, "fields": {"name": "Can add tune", "content_type": 12, "codename": "add_tune"}}, {"model": "auth.permission", "pk": 46, "fields": {"name": "Can change tune", "content_type": 12, "codename": "change_tune"}}, {"model": "auth.permission", "pk": 47, "fields": {"name": "Can delete tune", "content_type": 12, "codename": "delete_tune"}}, {"model": "auth.permission", "pk": 48, "fields": {"name": "Can view tune", "content_type": 12, "codename": "view_tune"}}, {"model": "auth.permission", "pk": 49, "fields": {"name": "Can add repertoire tune", "content_type": 13, "codename": "add_repertoiretune"}}, {"model": "auth.permission", "pk": 50, "fields": {"name": "Can change repertoire tune", "content_type": 13, "codename": "change_repertoiretune"}}, {"model": "auth.permission", "pk": 51, "fields": {"name": "Can delete repertoire tune", "content_type": 13, "codename": "delete_repertoiretune"}}, {"model": "auth.permission", "pk": 52, "fields": {"name": "Can view repertoire tune", "content_type": 13, "codename": "view_repertoiretune"}}, {"model": "auth.user", "pk": 1, "fields": {"password": "pbkdf2_sha256$600000$I3vsZ8aEhGBfqDDD2praVX$UDzd6+amrsQ7seBGrE8M5q71rQqhKwrYzj/CLp+YSiA=", "last_login": "2024-01-17T04:12:59.128Z", "is_superuser": false, "username": "jeff", "first_name": "", "last_name": "", "email": "jeff@jacobson.com", "is_staff": false, "is_active": true, "date_joined": "2023-12-16T05:41:29.290Z", "groups": [], "user_permissions": []}}, {"model": "auth.user", "pk": 2, "fields": {"password": "pbkdf2_sha256$600000$vJpuI8S92berlArcBe66wT$ZrFluEmbPa6uFacuZQKZauEHRVpe8ytFSB9NzzYBJQ4=", "last_login": "2024-01-18T18:01:01.074Z", "is_superuser": true, "username": "admin", "first_name": "", "last_name": "", "email": "admin@example.com", "is_staff": true, "is_active": true, "date_joined": "2023-12-16T22:47:50.876Z", "groups": [], "user_permissions": []}}, {"model": "auth.user", "pk": 3, "fields": {"password": "pbkdf2_sha256$600000$DgPAiyRQEucIzckS6ckkY9$xaOOMarlIEvfE1Q6qfWz7l30wIueM0A9yCslw2ssBss=", "last_login": "2024-01-17T04:10:16.097Z", "is_superuser": false, "username": "ababu", "first_name": "", "last_name": "", "email": "", "is_staff": false, "is_active": true, "date_joined": "2024-01-17T04:10:15.907Z", "groups": [], "user_permissions": []}}, {"model": "contenttypes.contenttype", "pk": 1, "fields": {"app_label": "admin", "model": "logentry"}}, {"model": "contenttypes.contenttype", "pk": 2, "fields": {"app_label": "auth", "model": "permission"}}, {"model": "contenttypes.contenttype", "pk": 3, "fields": {"app_label": "auth", "model": "group"}}, {"model": "contenttypes.contenttype", "pk": 4, "fields": {"app_label": "auth", "model": "user"}}, {"model": "contenttypes.contenttype", "pk": 5, "fields": {"app_label": "contenttypes", "model": "contenttype"}}, {"model": "contenttypes.contenttype", "pk": 6, "fields": {"app_label": "sessions", "model": "session"}}, {"model": "contenttypes.contenttype", "pk": 7, "fields": {"app_label": "account", "model": "emailaddress"}}, {"model": "contenttypes.contenttype", "pk": 8, "fields": {"app_label": "account", "model": "emailconfirmation"}}, {"model": "contenttypes.contenttype", "pk": 9, "fields": {"app_label": "socialaccount", "model": "socialaccount"}}, {"model": "contenttypes.contenttype", "pk": 10, "fields": {"app_label": "socialaccount", "model": "socialapp"}}, {"model": "contenttypes.contenttype", "pk": 11, "fields": {"app_label": "socialaccount", "model": "socialtoken"}}, {"model": "contenttypes.contenttype", "pk": 12, "fields": {"app_label": "tune", "model": "tune"}}, {"model": "contenttypes.contenttype", "pk": 13, "fields": {"app_label": "tune", "model": "repertoiretune"}}, {"model": "sessions.session", "pk": "gf3pcbtlsh0ghrx7tzz0erzrhbudgqy7", "fields": {"session_data": ".eJxlj8tqxDAMRf9F6xD8fmTX_kYpRrFlYup6SuLMZui_NzOEDqVLnSNdcW-AMV721sOV1pILpUCfWCpMba91-LX7RitMIGGAgHtfHiCU9J_NGD-o3QXWesfjmTE-dk69jS_HRK2XiL1c2ut59SdqwW05cqyWxJjSzM2zzC5yEW22MinphXU2GSPkHDPPlhFzmpQVOaET3DPS3lt41sDn06Mpdpi4ZVoZZbgZmffGeTHASl-h7402mN7ev38ApmRgdA:1rPxGq:0e2yNbTcxuVjBPicNKXywqWMZ1F-72mTVvc7MQJVjeo", "expire_date": "2024-01-31T04:11:20.967Z"}}, {"model": "sessions.session", "pk": "h6osdhob7trqznfpn4073lxnf6qxe5p1", "fields": {"session_data": ".eJxVjkEOwiAURO_C2hA-lEK7dO8ZyAd-LWrAFJpojHe3Ghe6nTfzMg_mcG2zWystLkU2MmC738xjOFN-g3jCfCw8lNyW5Pm7wr-08kOJdNl_u3-CGeu8rZXpUYrBkjBIw6Di1IVOICgjhYzSTzgNGsBbUF5qr40SXoO01oM2VtMmxRDKmtvHTbmlgI2iw8ZGMEJJK7XoOfSqU_32oFKtqWRHt2ta7mwUzxd2DEwG:1rGnaU:XcvauX39VHM3byA5RTXAFm8QZmQ4Y6vbYD-yND4A2-c", "expire_date": "2024-01-05T22:01:46.164Z"}}, {"model": "sessions.session", "pk": "jyf3nw94cp9qj37x388ux17nfbfrg9ql", "fields": {"session_data": ".eJxVjsGuwiAURP-FtSFcKAJduvcbyAVuLe8ZMIUmGuO_W40L3c6ZOZk787j22a-NFp8TGxmw3XcWMP5TeYH0h-VUeaylLznwV4V_aOPHmuh8-HR_BDO2eVsrs0cpnCVhkJxTaRriIBCUkUImGSacnAYIFlSQOmijRNAgrQ2gjdW0STHGupb-dlPpOWKn5LGzEYyQDvZuEBystk5vDxq1lmvxdL3k5cZG8XgCd_BMGA:1rFGUG:1vQYC50JeL2BG0zstHTosBWoUBRjtrOqMuWgTDrX9K4", "expire_date": "2024-01-01T16:29:00.186Z"}}, {"model": "sessions.session", "pk": "nd8jszrowtkqi4shryh4ke41heesd1hv", "fields": {"session_data": ".eJxVjsFuwyAQRP-Fc4VYYAP2sfd8A1pgXdNWEBkstYry73WqHJLrvJmnuYpA-1jD3nkLJYtZgHh7ziKlL653kD-pfjSZWh1bifJekQ_a5bll_n5_dF8EK_X1WBt3Iq0mz8oRT5PJi01WERinlc46LrRMCBA9mKgxojMqImjvI6DzyIeUUmp7Hf9urqMkGpwDDTGDUxa9diclLRi0CMeFzr2XVgP_XMr2K2Z1-wO_SEw8:1rMFqK:R6xWknrm50H0m-5mwyg0_7YG0c4rXicUSYX1bLXy-9g", "expire_date": "2024-01-20T23:12:40.414Z"}}, {"model": "sessions.session", "pk": "vqvjgv797j3pl1wojloiga7r6n45nd33", "fields": {"session_data": ".eJxVjssOwiAUBf-FtSEg7y7d-w3kAleLGjCFJhrjv9uaLnR7ZjI5L-Jh7qOfG04-JzKQPdn9bgHiFcsK0gXKudJYS59yoKtCN9rosSa8HTb3LzBCG9dskDHhSQomjLTIHBjHldDWaGU4CwZTkE6qgDYmt4jGCc7QBWB7HThfohBjnUv_trH0HKFj8tDJwA1TUhsmBNXWKieXBw1by7V4fNzz9CQDe38AoGpMkg:1rPxsn:UU3XaihznGynAVZ0gm9ppc00HERkcruAqUNH4nzwnD8", "expire_date": "2024-01-31T04:50:33.690Z"}}, {"model": "sessions.session", "pk": "xnnsnnxfzj62ied93mkbg885ujcrzy43", "fields": {"session_data": ".eJxVjkFuwyAQRe_CukJDwIzxsvueAQ0wqUkqiAyWGkW5e-zKi2b739PTfwhPa5_92njxOYlJnMTH_y1QvHLZQbpQ-a4y1tKXHOSuyIM2-VUT_3we7ltgpjbv2WBi4rPRoNGMDI7QqUHbEe2ACgJyCsaZIfAYk9tEdFoBu0BwskGpLUox1rX0vzaXniN1Tp66mBTCYAFGqyQgWgS9XWjcWq7F8-8tL3cxwfMF6AhMtg:1rQWhJ:13YQU9JMABUKF1oUwOis9F1s4j5WaaVUF5dMsf2nVwk", "expire_date": "2024-02-01T18:01:01.079Z"}}, {"model": "sessions.session", "pk": "zy4b9ujvdhfzzqgav4gp5d0g2w2760c2", "fields": {"session_data": ".eJxVjsFuwyAQRP-Fc4R2wRTwsfd8QVWhBdY1bQWRwVKiqv9ep8qhvc6beZovEWgfa9g7b6FkMQsUp79ZpPTB9Q7yO9W3JlOrYytR3ivyQbs8t8yfz4_uP8FKfT3W2j6RAu8YLLH3Oi9TmoBQWwUqq7jQ4g1idKijMtFYDdGgci6isc7wIaWU2l7Hr5vrKIkG50BDzGhh8mDQoXQOPODxoHPvpdXA10vZbmKGk9j4EsZeuYv55fX7BxK3UUI:1rPsOt:-SBvArb_BGTXhc9gcsqkpdUI6ngWAdiOBniNQZY7SX0", "expire_date": "2024-01-30T22:59:19.223Z"}}, {"model": "account.emailaddress", "pk": 1, "fields": {"user": 1, "email": "jeff@jacobson.com", "verified": false, "primary": true}}, {"model": "tune.tune", "pk": 2, "fields": {"title": "Tea for Two", "composer": "Youmans", "key": "Ab", "other_keys": "C Bb-", "song_form": "ABAC", "style": "standard", "meter": 4, "year": 1925, "is_ballad": false, "is_contrafact": false, "created_at": "2023-12-16T05:53:25.592Z", "created_by": null}}, {"model": "tune.tune", "pk": 3, "fields": {"title": "Dearly Beloved", "composer": "Kern", "key": "C", "other_keys": "Db", "song_form": "ABAC", "style": "standard", "meter": 4, "year": 1942, "is_ballad": false, "is_contrafact": false, "created_at": "2023-12-16T05:56:37.019Z", "created_by": null}}, {"model": "tune.tune", "pk": 4, "fields": {"title": "Solar", "composer": "Davis", "key": "C-", "other_keys": "F Eb Db", "song_form": "blues", "style": "jazz", "meter": 4, "year": 1954, "is_ballad": false, "is_contrafact": false, "created_at": "2023-12-16T14:50:01.328Z", "created_by": null}}, {"model": "tune.tune", "pk": 5, "fields": {"title": "Kary's Trance", "composer": "Konitz", "key": "A-", "other_keys": "C", "song_form": "AABA", "style": "jazz", "meter": 4, "year": 1956, "is_ballad": false, "is_contrafact": false, "created_at": "2023-12-16T14:51:16.543Z", "created_by": null}}, {"model": "tune.tune", "pk": 6, "fields": {"title": "Oblivion", "composer": "Powell", "key": "Eb", "other_keys": "", "song_form": "ABAC", "style": "jazz", "meter": 4, "year": 1950, "is_ballad": false, "is_contrafact": false, "created_at": "2023-12-16T14:51:51.969Z", "created_by": null}}, {"model": "tune.tune", "pk": 7, "fields": {"title": "Why Do I Love You?", "composer": "Kern", "key": "Ab", "other_keys": "F- Db", "song_form": "ABAC", "style": "standard", "meter": 4, "year": 1927, "is_ballad": false, "is_contrafact": false, "created_at": "2023-12-16T14:53:00.119Z", "created_by": null}}, {"model": "tune.tune", "pk": 8, "fields": {"title": "Subconscious-Lee", "composer": "Konitz", "key": "C", "other_keys": "F- Bb", "song_form": "AABA", "style": "jazz", "meter": 4, "year": 1949, "is_ballad": false, "is_contrafact": false, "created_at": "2023-12-16T14:54:31.346Z", "created_by": null}}, {"model": "tune.tune", "pk": 9, "fields": {"title": "Stella by Starlight", "composer": "Young", "key": "Bb", "other_keys": "Db D- F", "song_form": "ABCD", "style": "standard", "meter": 4, "year": 1944, "is_ballad": false, "is_contrafact": false, "created_at": "2023-12-16T14:55:11.566Z", "created_by": null}}, {"model": "tune.tune", "pk": 10, "fields": {"title": "I Remember You", "composer": "Schertzinger", "key": "F", "other_keys": "Bb D C", "song_form": "AABA", "style": "standard", "meter": 4, "year": 1941, "is_ballad": false, "is_contrafact": false, "created_at": "2023-12-16T14:55:56.331Z", "created_by": null}}, {"model": "tune.tune", "pk": 11, "fields": {"title": "After You've Gone", "composer": "Layton", "key": "C", "other_keys": "F D-", "song_form": "ABAC", "style": "standard", "meter": 4, "year": 1918, "is_ballad": false, "is_contrafact": false, "created_at": "2023-12-16T14:57:09.964Z", "created_by": null}}, {"model": "tune.tune", "pk": 12, "fields": {"title": "In Walked Bud", "composer": "Monk", "key": "Ab", "other_keys": "F-", "song_form": "AABA", "style": "jazz", "meter": 4, "year": 1947, "is_ballad": false, "is_contrafact": false, "created_at": "2023-12-16T15:01:08.908Z", "created_by": null}}, {"model": "tune.tune", "pk": 13, "fields": {"title": "Bye-Ya", "composer": "Monk", "key": "Eb", "other_keys": "Ab A", "song_form": "AABA", "style": "jazz", "meter": 4, "year": 1952, "is_ballad": false, "is_contrafact": false, "created_at": "2023-12-16T15:01:52.087Z", "created_by": null}}, {"model": "tune.tune", "pk": 14, "fields": {"title": "Coming on the Hudson", "composer": "Monk", "key": "None", "other_keys": "", "song_form": "AABA", "style": "jazz", "meter": 4, "year": 1958, "is_ballad": false, "is_contrafact": false, "created_at": "2023-12-16T15:02:46.902Z", "created_by": null}}, {"model": "tune.tune", "pk": 15, "fields": {"title": "Scrapple from the Apple", "composer": "Parker", "key": "F", "other_keys": "", "song_form": "AABA", "style": "jazz", "meter": 4, "year": 1947, "is_ballad": false, "is_contrafact": false, "created_at": "2023-12-16T15:17:14.775Z", "created_by": null}}, {"model": "tune.tune", "pk": 16, "fields": {"title": "Dewey Square", "composer": "Parker", "key": "Eb", "other_keys": "Ab", "song_form": "AABA", "style": "jazz", "meter": 4, "year": 1947, "is_ballad": false, "is_contrafact": false, "created_at": "2023-12-16T15:17:43.496Z", "created_by": null}}, {"model": "tune.tune", "pk": 17, "fields": {"title": "Confirmation", "composer": "Parker", "key": "F", "other_keys": "D- Db Bb", "song_form": "AABA", "style": "jazz", "meter": 4, "year": 1945, "is_ballad": false, "is_contrafact": false, "created_at": "2023-12-16T15:18:19.036Z", "created_by": null}}, {"model": "tune.tune", "pk": 18, "fields": {"title": "Woody n' You", "composer": "Gillespie", "key": "Db", "other_keys": "Gb G Ab A", "song_form": "AABA", "style": "jazz", "meter": 4, "year": 1942, "is_ballad": false, "is_contrafact": false, "created_at": "2023-12-16T15:18:58.140Z", "created_by": null}}, {"model": "tune.tune", "pk": 19, "fields": {"title": "Giant Steps", "composer": "Coltrane", "key": "B", "other_keys": "G Eb", "song_form": "irregular", "style": "jazz", "meter": 4, "year": 1959, "is_ballad": false, "is_contrafact": false, "created_at": "2023-12-16T15:19:37.341Z", "created_by": null}}, {"model": "tune.tune", "pk": 20, "fields": {"title": "Countdown", "composer": "Coltrane", "key": "Bb", "other_keys": "Gb D Ab E C", "song_form": "ABCD", "style": "jazz", "meter": 4, "year": 1959, "is_ballad": false, "is_contrafact": false, "created_at": "2023-12-16T15:20:14.192Z", "created_by": null}}, {"model": "tune.tune", "pk": 21, "fields": {"title": "I'll Remember April", "composer": "de Paul", "key": "G", "other_keys": "G- Bb E", "song_form": "ABA", "style": "standard", "meter": 4, "year": 1941, "is_ballad": false, "is_contrafact": false, "created_at": "2023-12-16T15:20:40.794Z", "created_by": null}}, {"model": "tune.tune", "pk": 22, "fields": {"title": "Inner Urge", "composer": "Henderson", "key": "None", "other_keys": "F Eb Db E D B C A G", "song_form": "irregular", "style": "jazz", "meter": 4, "year": 1964, "is_ballad": false, "is_contrafact": false, "created_at": "2023-12-16T15:21:39.473Z", "created_by": null}}, {"model": "tune.tune", "pk": 25, "fields": {"title": "jackie-ing", "composer": "monk", "key": "Bb", "other_keys": "", "song_form": "ABAB", "style": "jazz", "meter": 4, "year": 1959, "is_ballad": false, "is_contrafact": false, "created_at": "2023-12-16T22:54:07.537Z", "created_by": null}}, {"model": "tune.tune", "pk": 31, "fields": {"title": "All the Things You Are", "composer": "Kern", "key": "Ab", "other_keys": "C Eb G E", "song_form": "AABA", "style": "standard", "meter": 4, "year": 1939, "is_ballad": false, "is_contrafact": false, "created_at": "2024-01-06T20:06:06.890Z", "created_by": 2}}, {"model": "tune.tune", "pk": 32, "fields": {"title": "My Melancholy Baby", "composer": "Burnett", "key": "Eb", "other_keys": "", "song_form": "ABAC", "style": "standard", "meter": 4, "year": 1912, "is_ballad": false, "is_contrafact": false, "created_at": "2024-01-06T20:10:19.353Z", "created_by": 2}}, {"model": "tune.tune", "pk": 33, "fields": {"title": "Tiger Rag", "composer": "LaRocca", "key": "Bb", "other_keys": "Eb", "song_form": "irregular", "style": "standard", "meter": 4, "year": 1917, "is_ballad": false, "is_contrafact": false, "created_at": "2024-01-06T20:10:51.883Z", "created_by": 2}}, {"model": "tune.tune", "pk": 34, "fields": {"title": "Indiana", "composer": "Hanley", "key": "Ab", "other_keys": "", "song_form": "ABAC", "style": "standard", "meter": 4, "year": 1918, "is_ballad": false, "is_contrafact": false, "created_at": "2024-01-06T20:11:20.441Z", "created_by": 2}}, {"model": "tune.tune", "pk": 35, "fields": {"title": "Lady Be Good", "composer": "Gershwin", "key": "G", "other_keys": "", "song_form": "AABA", "style": "standard", "meter": 4, "year": 1924, "is_ballad": false, "is_contrafact": false, "created_at": "2024-01-06T20:12:24.595Z", "created_by": 2}}, {"model": "tune.tune", "pk": 36, "fields": {"title": "Limehouse Blues", "composer": "Furber", "key": "Ab", "other_keys": "", "song_form": "ABAC", "style": "standard", "meter": 4, "year": 1922, "is_ballad": false, "is_contrafact": false, "created_at": "2024-01-06T20:13:17.842Z", "created_by": 2}}, {"model": "tune.tune", "pk": 37, "fields": {"title": "The Man I Love", "composer": "Gershwin", "key": "Eb", "other_keys": "C-", "song_form": "AABA", "style": "standard", "meter": 4, "year": 1924, "is_ballad": false, "is_contrafact": false, "created_at": "2024-01-06T20:16:04.159Z", "created_by": 2}}, {"model": "tune.tune", "pk": 38, "fields": {"title": "Sweet Georgia Brown", "composer": "Bernie", "key": "Ab", "other_keys": "", "song_form": "ABAC", "style": "standard", "meter": 4, "year": 1925, "is_ballad": false, "is_contrafact": false, "created_at": "2024-01-06T20:16:35.491Z", "created_by": 2}}, {"model": "tune.tune", "pk": 39, "fields": {"title": "Bye Bye Blackbird", "composer": "Henderson", "key": "F", "other_keys": "", "song_form": "ABCD", "style": "standard", "meter": 4, "year": 1926, "is_ballad": false, "is_contrafact": false, "created_at": "2024-01-06T20:17:29.216Z", "created_by": 2}}, {"model": "tune.tune", "pk": 40, "fields": {"title": "Star Dust", "composer": "Carmichael", "key": "C", "other_keys": "F", "song_form": "ABAC", "style": "standard", "meter": 4, "year": 1927, "is_ballad": false, "is_contrafact": false, "created_at": "2024-01-06T20:17:51.546Z", "created_by": 2}}, {"model": "tune.tune", "pk": 41, "fields": {"title": "Strike up the Band", "composer": "Gershwin", "key": "Bb", "other_keys": "Eb", "song_form": "AABA", "style": "standard", "meter": 4, "year": 1927, "is_ballad": false, "is_contrafact": false, "created_at": "2024-01-06T20:18:22.512Z", "created_by": 2}}, {"model": "tune.tune", "pk": 42, "fields": {"title": "Embraceable You", "composer": "Gershwin", "key": "G", "other_keys": "", "song_form": "ABAC", "style": "standard", "meter": 4, "year": 1928, "is_ballad": false, "is_contrafact": false, "created_at": "2024-01-06T20:18:54.860Z", "created_by": 2}}, {"model": "tune.tune", "pk": 43, "fields": {"title": "Softly, As in a Morning Sunrise", "composer": "Romberg", "key": "C-", "other_keys": "Eb", "song_form": "AABA", "style": "standard", "meter": 4, "year": 1928, "is_ballad": false, "is_contrafact": false, "created_at": "2024-01-06T20:19:39.243Z", "created_by": 2}}, {"model": "tune.tune", "pk": 44, "fields": {"title": "Lover Come Back to Me", "composer": "Romberg", "key": "Ab", "other_keys": "F-", "song_form": "AABA", "style": "standard", "meter": 4, "year": 1928, "is_ballad": false, "is_contrafact": false, "created_at": "2024-01-06T20:20:06.727Z", "created_by": 2}}, {"model": "tune.tune", "pk": 45, "fields": {"title": "Honeysuckle Rose", "composer": "Waller", "key": "F", "other_keys": "Bb", "song_form": "AABA", "style": "standard", "meter": 4, "year": 1929, "is_ballad": false, "is_contrafact": false, "created_at": "2024-01-06T20:20:49.442Z", "created_by": 2}}, {"model": "tune.tune", "pk": 47, "fields": {"title": "Just You, Just Me", "composer": "Greer", "key": "C", "other_keys": "F", "song_form": "AABA", "style": "standard", "meter": 4, "year": 1929, "is_ballad": false, "is_contrafact": false, "created_at": "2024-01-06T20:22:32.005Z", "created_by": 2}}, {"model": "tune.tune", "pk": 48, "fields": {"title": "Body and Soul", "composer": "Green", "key": "Db", "other_keys": "D", "song_form": "AABA", "style": "standard", "meter": 4, "year": 1930, "is_ballad": false, "is_contrafact": false, "created_at": "2024-01-06T20:23:08.140Z", "created_by": 2}}, {"model": "tune.tune", "pk": 49, "fields": {"title": "I Got Rhythm", "composer": "Gershwin", "key": "Bb", "other_keys": "Eb", "song_form": "AABA", "style": "standard", "meter": 4, "year": 1930, "is_ballad": false, "is_contrafact": false, "created_at": "2024-01-06T20:23:33.544Z", "created_by": 2}}, {"model": "tune.tune", "pk": 50, "fields": {"title": "Memories of You", "composer": "Blake", "key": "Eb", "other_keys": "C-", "song_form": "AABA", "style": "standard", "meter": 4, "year": 1930, "is_ballad": false, "is_contrafact": false, "created_at": "2024-01-06T20:23:59.833Z", "created_by": 2}}, {"model": "tune.tune", "pk": 51, "fields": {"title": "On the Sunny Side of the Street", "composer": "McHugh", "key": "C", "other_keys": "F", "song_form": "AABA", "style": "standard", "meter": 4, "year": 1930, "is_ballad": false, "is_contrafact": false, "created_at": "2024-01-06T20:24:28.710Z", "created_by": 2}}, {"model": "tune.tune", "pk": 52, "fields": {"title": "But Not for Me", "composer": "Gershwin", "key": "F", "other_keys": "Bb", "song_form": "ABAC", "style": "standard", "meter": 4, "year": 1930, "is_ballad": false, "is_contrafact": false, "created_at": "2024-01-06T20:24:55.015Z", "created_by": 2}}, {"model": "tune.tune", "pk": 53, "fields": {"title": "Love for Sale", "composer": "Porter", "key": "Bb", "other_keys": "Bb- Db", "song_form": "AABA", "style": "standard", "meter": 4, "year": 1930, "is_ballad": false, "is_contrafact": false, "created_at": "2024-01-06T20:25:37.565Z", "created_by": 2}}, {"model": "tune.tune", "pk": 54, "fields": {"title": "My Ideal", "composer": "Whiting", "key": "Eb", "other_keys": "", "song_form": "ABAC", "style": "standard", "meter": 4, "year": 1930, "is_ballad": false, "is_contrafact": false, "created_at": "2024-01-06T20:26:00.261Z", "created_by": 2}}, {"model": "tune.tune", "pk": 55, "fields": {"title": "Three Little Words", "composer": "Ruby", "key": "C", "other_keys": "F", "song_form": "AABA", "style": "standard", "meter": 4, "year": 1930, "is_ballad": false, "is_contrafact": false, "created_at": "2024-01-06T20:26:22.453Z", "created_by": 2}}, {"model": "tune.tune", "pk": 56, "fields": {"title": "All of Me", "composer": "Marks", "key": "C", "other_keys": "D- A-", "song_form": "ABAC", "style": "standard", "meter": 4, "year": 1931, "is_ballad": false, "is_contrafact": false, "created_at": "2024-01-17T04:51:35.609Z", "created_by": 2}}, {"model": "tune.tune", "pk": 57, "fields": {"title": "Out of Nowhere", "composer": "Green", "key": "G", "other_keys": "A-", "song_form": "ABAC", "style": "standard", "meter": 4, "year": 1931, "is_ballad": false, "is_contrafact": false, "created_at": "2024-01-17T04:52:03.429Z", "created_by": 2}}, {"model": "tune.tune", "pk": 58, "fields": {"title": "You're My Everything", "composer": "Warren", "key": "C", "other_keys": "F", "song_form": "ABAC", "style": "standard", "meter": 4, "year": 1931, "is_ballad": false, "is_contrafact": false, "created_at": "2024-01-17T04:52:48.910Z", "created_by": 2}}, {"model": "tune.tune", "pk": 59, "fields": {"title": "Just Friends", "composer": "Klenner", "key": "F", "other_keys": "Bb D-", "song_form": "ABAC", "style": "standard", "meter": 4, "year": 1931, "is_ballad": false, "is_contrafact": false, "created_at": "2024-01-17T04:53:20.723Z", "created_by": 2}}, {"model": "tune.tune", "pk": 60, "fields": {"title": "How Deep is the Ocean", "composer": "Berlin", "key": "Eb", "other_keys": "C- G-", "song_form": "ABAC", "style": "standard", "meter": 4, "year": 1932, "is_ballad": true, "is_contrafact": false, "created_at": "2024-01-17T04:54:19.223Z", "created_by": 2}}, {"model": "tune.tune", "pk": 61, "fields": {"title": "Don't Blame Me", "composer": "McHugh", "key": "C", "other_keys": "F A-", "song_form": "AABA", "style": "standard", "meter": 4, "year": 1932, "is_ballad": true, "is_contrafact": false, "created_at": "2024-01-17T04:55:09.354Z", "created_by": 2}}, {"model": "tune.tune", "pk": 62, "fields": {"title": "April in Paris", "composer": "Duke", "key": "C", "other_keys": "F A- E", "song_form": "ABAC", "style": "standard", "meter": 4, "year": 1932, "is_ballad": true, "is_contrafact": false, "created_at": "2024-01-17T04:55:50.750Z", "created_by": 2}}, {"model": "tune.tune", "pk": 63, "fields": {"title": "The Song is You", "composer": "Kern", "key": "C", "other_keys": "E Ab- F", "song_form": "AABA", "style": "standard", "meter": 4, "year": 1932, "is_ballad": true, "is_contrafact": false, "created_at": "2024-01-17T04:57:16.745Z", "created_by": 2}}, {"model": "tune.tune", "pk": 64, "fields": {"title": "Lover", "composer": "Rodgers", "key": "C", "other_keys": "E G", "song_form": "AABA", "style": "standard", "meter": 4, "year": 1932, "is_ballad": false, "is_contrafact": false, "created_at": "2024-01-17T04:57:44.153Z", "created_by": 2}}, {"model": "tune.tune", "pk": 65, "fields": {"title": "Night and Day", "composer": "Porter", "key": "Eb", "other_keys": "Gb", "song_form": "ABAC", "style": "standard", "meter": 4, "year": 1932, "is_ballad": false, "is_contrafact": false, "created_at": "2024-01-17T04:58:12.427Z", "created_by": 2}}, {"model": "tune.tune", "pk": 66, "fields": {"title": "Smoke Gets in Your Eyes", "composer": "Kern", "key": "Eb", "other_keys": "B", "song_form": "AABA", "style": "standard", "meter": 4, "year": 1933, "is_ballad": true, "is_contrafact": false, "created_at": "2024-01-17T05:00:07.413Z", "created_by": 2}}, {"model": "tune.tune", "pk": 67, "fields": {"title": "Yesterdays", "composer": "Kern", "key": "D-", "other_keys": "Bb", "song_form": "irregular", "style": "standard", "meter": 4, "year": 1933, "is_ballad": true, "is_contrafact": false, "created_at": "2024-01-17T05:00:35.469Z", "created_by": 2}}, {"model": "tune.tune", "pk": 68, "fields": {"title": "Summertime", "composer": "Gershwin", "key": "D-", "other_keys": "G- F", "song_form": "ABAC", "style": "standard", "meter": 4, "year": 1934, "is_ballad": false, "is_contrafact": false, "created_at": "2024-01-17T05:01:19.229Z", "created_by": 2}}, {"model": "tune.tune", "pk": 69, "fields": {"title": "I Get a Kick Out of You", "composer": "Porter", "key": "Eb", "other_keys": "", "song_form": "ABAC", "style": "standard", "meter": 4, "year": 1934, "is_ballad": false, "is_contrafact": false, "created_at": "2024-01-17T05:01:54.551Z", "created_by": 2}}, {"model": "tune.tune", "pk": 70, "fields": {"title": "My Old Flame", "composer": "Johnston", "key": "G", "other_keys": "Bb", "song_form": "AABA", "style": "standard", "meter": 4, "year": 1934, "is_ballad": true, "is_contrafact": false, "created_at": "2024-01-17T05:02:25.490Z", "created_by": 2}}, {"model": "tune.tune", "pk": 71, "fields": {"title": "East of the Sun", "composer": "Bowman", "key": "G", "other_keys": "", "song_form": "ABAC", "style": "standard", "meter": 4, "year": 1934, "is_ballad": true, "is_contrafact": false, "created_at": "2024-01-17T05:02:53.507Z", "created_by": 2}}, {"model": "tune.tune", "pk": 72, "fields": {"title": "Easy to Love", "composer": "Porter", "key": "G", "other_keys": "", "song_form": "ABAC", "style": "standard", "meter": 4, "year": 1934, "is_ballad": false, "is_contrafact": false, "created_at": "2024-01-17T05:03:41.786Z", "created_by": 2}}, {"model": "tune.tune", "pk": 73, "fields": {"title": "These Foolish Things", "composer": "Strachey", "key": "Eb", "other_keys": "Ab G-", "song_form": "AABA", "style": "standard", "meter": 4, "year": 1934, "is_ballad": true, "is_contrafact": false, "created_at": "2024-01-17T05:04:19.733Z", "created_by": 2}}, {"model": "tune.tune", "pk": 74, "fields": {"title": "What is this Thing Called Love?", "composer": "Porter", "key": "C", "other_keys": "F- Bb", "song_form": "AABA", "style": "standard", "meter": 4, "year": 1929, "is_ballad": false, "is_contrafact": false, "created_at": "2024-01-18T18:11:02.203Z", "created_by": 2}}, {"model": "tune.tune", "pk": 75, "fields": {"title": "Autumn in New York", "composer": "Duke", "key": "F", "other_keys": "Ab C Bb- F- Db", "song_form": "ABAC", "style": "standard", "meter": 4, "year": 1934, "is_ballad": false, "is_contrafact": false, "created_at": "2024-01-18T18:13:51.801Z", "created_by": 2}}, {"model": "tune.tune", "pk": 76, "fields": {"title": "Just One of those Things", "composer": "Porter", "key": "F", "other_keys": "D- Eb", "song_form": "AABA", "style": "standard", "meter": 4, "year": 1935, "is_ballad": false, "is_contrafact": false, "created_at": "2024-01-18T18:14:52.342Z", "created_by": 2}}, {"model": "tune.tune", "pk": 77, "fields": {"title": "Lush Life", "composer": "Strayhorn", "key": "Db", "other_keys": "F- F Ab D", "song_form": "irregular", "style": "jazz", "meter": 4, "year": 1936, "is_ballad": false, "is_contrafact": false, "created_at": "2024-01-18T18:15:34.950Z", "created_by": 2}}, {"model": "tune.tune", "pk": 78, "fields": {"title": "The Way You Look Tonight", "composer": "Kern", "key": "Eb", "other_keys": "Ab Gb", "song_form": "AABA", "style": "standard", "meter": 4, "year": 1936, "is_ballad": false, "is_contrafact": false, "created_at": "2024-01-18T18:16:59.851Z", "created_by": 2}}, {"model": "tune.tune", "pk": 79, "fields": {"title": "I Can't Get Started", "composer": "Duke", "key": "C", "other_keys": "D", "song_form": "AABA", "style": "standard", "meter": 4, "year": 1936, "is_ballad": false, "is_contrafact": false, "created_at": "2024-01-18T18:18:18.216Z", "created_by": 2}}, {"model": "tune.tune", "pk": 80, "fields": {"title": "If I Should Lose You", "composer": "Rainger", "key": "Bb", "other_keys": "G- Eb", "song_form": "ABAC", "style": "standard", "meter": 4, "year": 1936, "is_ballad": false, "is_contrafact": false, "created_at": "2024-01-18T18:19:27.552Z", "created_by": 2}}, {"model": "tune.tune", "pk": 81, "fields": {"title": "Pennies from Heaven", "composer": "Johnston", "key": "C", "other_keys": "F", "song_form": "ABAC", "style": "standard", "meter": 4, "year": 1936, "is_ballad": false, "is_contrafact": false, "created_at": "2024-01-18T18:20:12.193Z", "created_by": 2}}, {"model": "tune.tune", "pk": 82, "fields": {"title": "There is No Greater Love", "composer": "Jones", "key": "Bb", "other_keys": "G-", "song_form": "AABA", "style": "standard", "meter": 4, "year": 1936, "is_ballad": false, "is_contrafact": false, "created_at": "2024-01-18T18:20:54.026Z", "created_by": 2}}, {"model": "tune.tune", "pk": 83, "fields": {"title": "All God's Chillun Got Rhythm", "composer": "Kahn/Kaper", "key": "F", "other_keys": "", "song_form": "ABAC", "style": "standard", "meter": 4, "year": 1937, "is_ballad": false, "is_contrafact": false, "created_at": "2024-01-18T18:21:28.822Z", "created_by": 2}}, {"model": "tune.tune", "pk": 84, "fields": {"title": "My Funny Valentine", "composer": "Rodgers", "key": "Db", "other_keys": "C- Ab", "song_form": "ABCD", "style": "standard", "meter": 4, "year": 1937, "is_ballad": false, "is_contrafact": false, "created_at": "2024-01-18T18:40:59.345Z", "created_by": 2}}, {"model": "tune.tune", "pk": 85, "fields": {"title": "They Can't Take That Away from Me", "composer": "Gershwin", "key": "Eb", "other_keys": "Ab G-", "song_form": "AABA", "style": "standard", "meter": 4, "year": 1937, "is_ballad": false, "is_contrafact": false, "created_at": "2024-01-18T18:45:49.873Z", "created_by": 2}}, {"model": "tune.tune", "pk": 86, "fields": {"title": "Someday My Prince Will Come", "composer": "Churchill", "key": "Bb", "other_keys": "C- Eb", "song_form": "ABAC", "style": "standard", "meter": 3, "year": 1937, "is_ballad": false, "is_contrafact": false, "created_at": "2024-01-18T18:47:59.380Z", "created_by": 2}}, {"model": "tune.repertoiretune", "pk": 2, "fields": {"tune": 2, "player": 1, "last_played": "2024-01-12T15:56:58.717Z", "knowledge": "know", "started_learning": null}}, {"model": "tune.repertoiretune", "pk": 3, "fields": {"tune": 3, "player": 1, "last_played": "2024-01-12T15:58:10.725Z", "knowledge": "know", "started_learning": null}}, {"model": "tune.repertoiretune", "pk": 4, "fields": {"tune": 4, "player": 1, "last_played": "2024-01-17T04:14:33.264Z", "knowledge": "know", "started_learning": null}}, {"model": "tune.repertoiretune", "pk": 5, "fields": {"tune": 5, "player": 1, "last_played": "2024-01-12T15:58:55.497Z", "knowledge": "know", "started_learning": null}}, {"model": "tune.repertoiretune", "pk": 6, "fields": {"tune": 6, "player": 1, "last_played": null, "knowledge": "know", "started_learning": null}}, {"model": "tune.repertoiretune", "pk": 7, "fields": {"tune": 7, "player": 1, "last_played": "2024-01-16T15:36:28.502Z", "knowledge": "learning", "started_learning": null}}, {"model": "tune.repertoiretune", "pk": 8, "fields": {"tune": 8, "player": 1, "last_played": "2023-12-16T15:33:44.321Z", "knowledge": "know", "started_learning": null}}, {"model": "tune.repertoiretune", "pk": 9, "fields": {"tune": 9, "player": 1, "last_played": "2024-01-12T15:53:53.409Z", "knowledge": "know", "started_learning": null}}, {"model": "tune.repertoiretune", "pk": 10, "fields": {"tune": 10, "player": 1, "last_played": "2024-01-12T15:43:50.624Z", "knowledge": "know", "started_learning": null}}, {"model": "tune.repertoiretune", "pk": 11, "fields": {"tune": 11, "player": 1, "last_played": "2024-01-12T15:54:30.201Z", "knowledge": "know", "started_learning": null}}, {"model": "tune.repertoiretune", "pk": 12, "fields": {"tune": 12, "player": 1, "last_played": "2024-01-12T15:58:22.998Z", "knowledge": "know", "started_learning": null}}, {"model": "tune.repertoiretune", "pk": 13, "fields": {"tune": 13, "player": 1, "last_played": "2024-01-16T15:21:46.357Z", "knowledge": "know", "started_learning": null}}, {"model": "tune.repertoiretune", "pk": 14, "fields": {"tune": 14, "player": 1, "last_played": "2024-01-14T21:43:12.805Z", "knowledge": "learning", "started_learning": null}}, {"model": "tune.repertoiretune", "pk": 15, "fields": {"tune": 15, "player": 1, "last_played": "2024-01-12T15:03:57.769Z", "knowledge": "know", "started_learning": null}}, {"model": "tune.repertoiretune", "pk": 16, "fields": {"tune": 16, "player": 1, "last_played": "2024-01-16T19:31:17.847Z", "knowledge": "don't know", "started_learning": null}}, {"model": "tune.repertoiretune", "pk": 17, "fields": {"tune": 17, "player": 1, "last_played": "2024-01-12T15:29:47.109Z", "knowledge": "know", "started_learning": null}}, {"model": "tune.repertoiretune", "pk": 18, "fields": {"tune": 18, "player": 1, "last_played": "2024-01-12T15:34:14.130Z", "knowledge": "know", "started_learning": null}}, {"model": "tune.repertoiretune", "pk": 19, "fields": {"tune": 19, "player": 1, "last_played": "2024-01-12T15:51:06.311Z", "knowledge": "know", "started_learning": null}}, {"model": "tune.repertoiretune", "pk": 20, "fields": {"tune": 20, "player": 1, "last_played": "2024-01-12T15:36:56.204Z", "knowledge": "know", "started_learning": null}}, {"model": "tune.repertoiretune", "pk": 21, "fields": {"tune": 21, "player": 1, "last_played": "2024-01-12T15:34:25.540Z", "knowledge": "know", "started_learning": null}}, {"model": "tune.repertoiretune", "pk": 22, "fields": {"tune": 22, "player": 1, "last_played": "2024-01-17T04:14:30.927Z", "knowledge": "learning", "started_learning": null}}, {"model": "tune.repertoiretune", "pk": 23, "fields": {"tune": 25, "player": 1, "last_played": "2024-01-12T15:56:44.548Z", "knowledge": "learning", "started_learning": "2023-12-16T22:54:07.540Z"}}, {"model": "tune.repertoiretune", "pk": 33, "fields": {"tune": 31, "player": 1, "last_played": "2024-01-16T17:18:22.726Z", "knowledge": "know", "started_learning": null}}, {"model": "tune.repertoiretune", "pk": 34, "fields": {"tune": 35, "player": 1, "last_played": null, "knowledge": "know", "started_learning": null}}, {"model": "tune.repertoiretune", "pk": 37, "fields": {"tune": 37, "player": 1, "last_played": "2024-01-15T15:20:34.871Z", "knowledge": "know", "started_learning": null}}, {"model": "tune.repertoiretune", "pk": 39, "fields": {"tune": 32, "player": 1, "last_played": null, "knowledge": "know", "started_learning": null}}, {"model": "tune.repertoiretune", "pk": 40, "fields": {"tune": 31, "player": 3, "last_played": "2024-01-17T14:26:27.572Z", "knowledge": "know", "started_learning": null}}, {"model": "tune.repertoiretune", "pk": 41, "fields": {"tune": 33, "player": 3, "last_played": "2024-01-17T14:25:51.895Z", "knowledge": "know", "started_learning": null}}, {"model": "tune.repertoiretune", "pk": 42, "fields": {"tune": 39, "player": 3, "last_played": "2024-01-17T14:25:53.053Z", "knowledge": "know", "started_learning": null}}, {"model": "tune.repertoiretune", "pk": 44, "fields": {"tune": 39, "player": 1, "last_played": null, "knowledge": "know", "started_learning": null}}, {"model": "tune.repertoiretune", "pk": 45, "fields": {"tune": 54, "player": 1, "last_played": null, "knowledge": "know", "started_learning": null}}, {"model": "tune.repertoiretune", "pk": 46, "fields": {"tune": 32, "player": 2, "last_played": null, "knowledge": null, "started_learning": null}}, {"model": "tune.repertoiretune", "pk": 47, "fields": {"tune": 33, "player": 2, "last_played": null, "knowledge": null, "started_learning": null}}, {"model": "tune.repertoiretune", "pk": 48, "fields": {"tune": 34, "player": 2, "last_played": null, "knowledge": null, "started_learning": null}}, {"model": "tune.repertoiretune", "pk": 49, "fields": {"tune": 35, "player": 2, "last_played": null, "knowledge": null, "started_learning": null}}, {"model": "tune.repertoiretune", "pk": 50, "fields": {"tune": 36, "player": 2, "last_played": null, "knowledge": null, "started_learning": null}}, {"model": "tune.repertoiretune", "pk": 51, "fields": {"tune": 37, "player": 2, "last_played": null, "knowledge": null, "started_learning": null}}, {"model": "tune.repertoiretune", "pk": 52, "fields": {"tune": 38, "player": 2, "last_played": null, "knowledge": null, "started_learning": null}}, {"model": "tune.repertoiretune", "pk": 53, "fields": {"tune": 39, "player": 2, "last_played": null, "knowledge": null, "started_learning": null}}, {"model": "tune.repertoiretune", "pk": 54, "fields": {"tune": 40, "player": 2, "last_played": null, "knowledge": null, "started_learning": null}}, {"model": "tune.repertoiretune", "pk": 55, "fields": {"tune": 41, "player": 2, "last_played": null, "knowledge": null, "started_learning": null}}, {"model": "tune.repertoiretune", "pk": 56, "fields": {"tune": 42, "player": 2, "last_played": null, "knowledge": null, "started_learning": null}}, {"model": "tune.repertoiretune", "pk": 57, "fields": {"tune": 43, "player": 2, "last_played": null, "knowledge": null, "started_learning": null}}, {"model": "tune.repertoiretune", "pk": 58, "fields": {"tune": 44, "player": 2, "last_played": null, "knowledge": null, "started_learning": null}}, {"model": "tune.repertoiretune", "pk": 59, "fields": {"tune": 45, "player": 2, "last_played": null, "knowledge": null, "started_learning": null}}, {"model": "tune.repertoiretune", "pk": 60, "fields": {"tune": 47, "player": 2, "last_played": null, "knowledge": null, "started_learning": null}}, {"model": "tune.repertoiretune", "pk": 61, "fields": {"tune": 48, "player": 2, "last_played": null, "knowledge": null, "started_learning": null}}, {"model": "tune.repertoiretune", "pk": 62, "fields": {"tune": 49, "player": 2, "last_played": null, "knowledge": "know", "started_learning": null}}, {"model": "tune.repertoiretune", "pk": 63, "fields": {"tune": 50, "player": 2, "last_played": null, "knowledge": "know", "started_learning": null}}, {"model": "tune.repertoiretune", "pk": 64, "fields": {"tune": 51, "player": 2, "last_played": null, "knowledge": "know", "started_learning": null}}, {"model": "tune.repertoiretune", "pk": 65, "fields": {"tune": 52, "player": 2, "last_played": null, "knowledge": "know", "started_learning": null}}, {"model": "tune.repertoiretune", "pk": 66, "fields": {"tune": 53, "player": 2, "last_played": null, "knowledge": "know", "started_learning": null}}, {"model": "tune.repertoiretune", "pk": 67, "fields": {"tune": 54, "player": 2, "last_played": null, "knowledge": "know", "started_learning": null}}, {"model": "tune.repertoiretune", "pk": 68, "fields": {"tune": 55, "player": 2, "last_played": null, "knowledge": "know", "started_learning": null}}, {"model": "tune.repertoiretune", "pk": 69, "fields": {"tune": 56, "player": 2, "last_played": null, "knowledge": "know", "started_learning": null}}, {"model": "tune.repertoiretune", "pk": 70, "fields": {"tune": 57, "player": 2, "last_played": null, "knowledge": "know", "started_learning": null}}, {"model": "tune.repertoiretune", "pk": 71, "fields": {"tune": 58, "player": 2, "last_played": null, "knowledge": "know", "started_learning": null}}, {"model": "tune.repertoiretune", "pk": 72, "fields": {"tune": 59, "player": 2, "last_played": null, "knowledge": "know", "started_learning": null}}, {"model": "tune.repertoiretune", "pk": 73, "fields": {"tune": 60, "player": 2, "last_played": null, "knowledge": "know", "started_learning": null}}, {"model": "tune.repertoiretune", "pk": 74, "fields": {"tune": 61, "player": 2, "last_played": null, "knowledge": "know", "started_learning": null}}, {"model": "tune.repertoiretune", "pk": 75, "fields": {"tune": 62, "player": 2, "last_played": null, "knowledge": "know", "started_learning": null}}, {"model": "tune.repertoiretune", "pk": 76, "fields": {"tune": 63, "player": 2, "last_played": null, "knowledge": "know", "started_learning": null}}, {"model": "tune.repertoiretune", "pk": 77, "fields": {"tune": 64, "player": 2, "last_played": null, "knowledge": "know", "started_learning": null}}, {"model": "tune.repertoiretune", "pk": 78, "fields": {"tune": 65, "player": 2, "last_played": null, "knowledge": "know", "started_learning": null}}, {"model": "tune.repertoiretune", "pk": 79, "fields": {"tune": 66, "player": 2, "last_played": null, "knowledge": "know", "started_learning": null}}, {"model": "tune.repertoiretune", "pk": 80, "fields": {"tune": 67, "player": 2, "last_played": null, "knowledge": "know", "started_learning": null}}, {"model": "tune.repertoiretune", "pk": 81, "fields": {"tune": 68, "player": 2, "last_played": null, "knowledge": "know", "started_learning": null}}, {"model": "tune.repertoiretune", "pk": 82, "fields": {"tune": 69, "player": 2, "last_played": null, "knowledge": "know", "started_learning": null}}, {"model": "tune.repertoiretune", "pk": 83, "fields": {"tune": 70, "player": 2, "last_played": null, "knowledge": "know", "started_learning": null}}, {"model": "tune.repertoiretune", "pk": 84, "fields": {"tune": 71, "player": 2, "last_played": null, "knowledge": "know", "started_learning": null}}, {"model": "tune.repertoiretune", "pk": 85, "fields": {"tune": 72, "player": 2, "last_played": null, "knowledge": "know", "started_learning": null}}, {"model": "tune.repertoiretune", "pk": 86, "fields": {"tune": 74, "player": 2, "last_played": null, "knowledge": "know", "started_learning": null}}, {"model": "tune.repertoiretune", "pk": 87, "fields": {"tune": 75, "player": 2, "last_played": null, "knowledge": "know", "started_learning": null}}, {"model": "tune.repertoiretune", "pk": 88, "fields": {"tune": 76, "player": 2, "last_played": null, "knowledge": "know", "started_learning": null}}, {"model": "tune.repertoiretune", "pk": 89, "fields": {"tune": 77, "player": 2, "last_played": null, "knowledge": "know", "started_learning": null}}, {"model": "tune.repertoiretune", "pk": 90, "fields": {"tune": 78, "player": 2, "last_played": null, "knowledge": "know", "started_learning": null}}, {"model": "tune.repertoiretune", "pk": 91, "fields": {"tune": 79, "player": 2, "last_played": null, "knowledge": "know", "started_learning": null}}, {"model": "tune.repertoiretune", "pk": 92, "fields": {"tune": 80, "player": 2, "last_played": null, "knowledge": "know", "started_learning": null}}, {"model": "tune.repertoiretune", "pk": 93, "fields": {"tune": 81, "player": 2, "last_played": null, "knowledge": "know", "started_learning": null}}, {"model": "tune.repertoiretune", "pk": 94, "fields": {"tune": 82, "player": 2, "last_played": null, "knowledge": "know", "started_learning": null}}, {"model": "tune.repertoiretune", "pk": 95, "fields": {"tune": 83, "player": 2, "last_played": null, "knowledge": "know", "started_learning": null}}, {"model": "tune.repertoiretune", "pk": 96, "fields": {"tune": 84, "player": 2, "last_played": null, "knowledge": "know", "started_learning": null}}, {"model": "tune.repertoiretune", "pk": 97, "fields": {"tune": 85, "player": 2, "last_played": null, "knowledge": "know", "started_learning": null}}, {"model": "tune.repertoiretune", "pk": 98, "fields": {"tune": 86, "player": 2, "last_played": null, "knowledge": "know", "started_learning": null}}]